program_id,var,degree,use_count,use_instr_count,live_range,spill_cost,K,label
cfg01_chain_simple.txt,t0,0,1,1,1,2,1,1
cfg01_chain_simple.txt,t1,0,1,1,1,2,1,1
cfg01_chain_simple.txt,t2,0,1,1,1,2,1,1
cfg01_chain_simple.txt,t0,0,1,1,1,2,2,1
cfg01_chain_simple.txt,t1,0,1,1,1,2,2,1
cfg01_chain_simple.txt,t2,0,1,1,1,2,2,1
cfg01_chain_simple.txt,t0,0,1,1,1,2,3,1
cfg01_chain_simple.txt,t1,0,1,1,1,2,3,1
cfg01_chain_simple.txt,t2,0,1,1,1,2,3,1
cfg01_chain_simple.txt,t0,0,1,1,1,2,4,1
cfg01_chain_simple.txt,t1,0,1,1,1,2,4,1
cfg01_chain_simple.txt,t2,0,1,1,1,2,4,1
cfg01_chain_simple.txt,t0,0,1,1,1,2,5,1
cfg01_chain_simple.txt,t1,0,1,1,1,2,5,1
cfg01_chain_simple.txt,t2,0,1,1,1,2,5,1
cfg02_if_merge_light.txt,c0,3,2,2,9,20,1,1
cfg02_if_merge_light.txt,x,1,1,1,6,7,1,0
cfg02_if_merge_light.txt,y,0,1,1,1,2,1,1
cfg02_if_merge_light.txt,c0,3,2,2,9,20,2,1
cfg02_if_merge_light.txt,x,1,1,1,6,7,2,1
cfg02_if_merge_light.txt,y,0,1,1,1,2,2,1
cfg02_if_merge_light.txt,c0,3,2,2,9,20,3,1
cfg02_if_merge_light.txt,x,1,1,1,6,7,3,1
cfg02_if_merge_light.txt,y,0,1,1,1,2,3,1
cfg02_if_merge_light.txt,c0,3,2,2,9,20,4,1
cfg02_if_merge_light.txt,x,1,1,1,6,7,4,1
cfg02_if_merge_light.txt,y,0,1,1,1,2,4,1
cfg02_if_merge_light.txt,c0,3,2,2,9,20,5,1
cfg02_if_merge_light.txt,x,1,1,1,6,7,5,1
cfg02_if_merge_light.txt,y,0,1,1,1,2,5,1
cfg03_loop_countdown_light.txt,acc,1,2,2,9,20,1,1
cfg03_loop_countdown_light.txt,i,1,2,2,8,18,1,0
cfg03_loop_countdown_light.txt,acc,1,2,2,9,20,2,1
cfg03_loop_countdown_light.txt,i,1,2,2,8,18,2,1
cfg03_loop_countdown_light.txt,acc,1,2,2,9,20,3,1
cfg03_loop_countdown_light.txt,i,1,2,2,8,18,3,1
cfg03_loop_countdown_light.txt,acc,1,2,2,9,20,4,1
cfg03_loop_countdown_light.txt,i,1,2,2,8,18,4,1
cfg03_loop_countdown_light.txt,acc,1,2,2,9,20,5,1
cfg03_loop_countdown_light.txt,i,1,2,2,8,18,5,1
cfg04_diamond_then_tail.txt,p,2,2,2,4,10,1,1
cfg04_diamond_then_tail.txt,q,1,2,2,6,14,1,0
cfg04_diamond_then_tail.txt,r,0,1,1,6,7,1,1
cfg04_diamond_then_tail.txt,s,0,1,1,1,2,1,1
cfg04_diamond_then_tail.txt,p,2,2,2,4,10,2,1
cfg04_diamond_then_tail.txt,q,1,2,2,6,14,2,1
cfg04_diamond_then_tail.txt,r,0,1,1,6,7,2,1
cfg04_diamond_then_tail.txt,s,0,1,1,1,2,2,1
cfg04_diamond_then_tail.txt,p,2,2,2,4,10,3,1
cfg04_diamond_then_tail.txt,q,1,2,2,6,14,3,1
cfg04_diamond_then_tail.txt,r,0,1,1,6,7,3,1
cfg04_diamond_then_tail.txt,s,0,1,1,1,2,3,1
cfg04_diamond_then_tail.txt,p,2,2,2,4,10,4,1
cfg04_diamond_then_tail.txt,q,1,2,2,6,14,4,1
cfg04_diamond_then_tail.txt,r,0,1,1,6,7,4,1
cfg04_diamond_then_tail.txt,s,0,1,1,1,2,4,1
cfg04_diamond_then_tail.txt,p,2,2,2,4,10,5,1
cfg04_diamond_then_tail.txt,q,1,2,2,6,14,5,1
cfg04_diamond_then_tail.txt,r,0,1,1,6,7,5,1
cfg04_diamond_then_tail.txt,s,0,1,1,1,2,5,1
cfg05_two_stage_branch.txt,t0,3,2,2,9,20,1,1
cfg05_two_stage_branch.txt,u0,1,3,3,9,30,1,0
cfg05_two_stage_branch.txt,v,0,1,1,6,7,1,1
cfg05_two_stage_branch.txt,w,0,1,1,1,2,1,1
cfg05_two_stage_branch.txt,t0,3,2,2,9,20,2,1
cfg05_two_stage_branch.txt,u0,1,3,3,9,30,2,1
cfg05_two_stage_branch.txt,v,0,1,1,6,7,2,1
cfg05_two_stage_branch.txt,w,0,1,1,1,2,2,1
cfg05_two_stage_branch.txt,t0,3,2,2,9,20,3,1
cfg05_two_stage_branch.txt,u0,1,3,3,9,30,3,1
cfg05_two_stage_branch.txt,v,0,1,1,6,7,3,1
cfg05_two_stage_branch.txt,w,0,1,1,1,2,3,1
cfg05_two_stage_branch.txt,t0,3,2,2,9,20,4,1
cfg05_two_stage_branch.txt,u0,1,3,3,9,30,4,1
cfg05_two_stage_branch.txt,v,0,1,1,6,7,4,1
cfg05_two_stage_branch.txt,w,0,1,1,1,2,4,1
cfg05_two_stage_branch.txt,t0,3,2,2,9,20,5,1
cfg05_two_stage_branch.txt,u0,1,3,3,9,30,5,1
cfg05_two_stage_branch.txt,v,0,1,1,6,7,5,1
cfg05_two_stage_branch.txt,w,0,1,1,1,2,5,1
cfg06_loop_with_hot.txt,hot,3,1,1,9,10,1,0
cfg06_loop_with_hot.txt,i,4,2,2,10,22,1,1
cfg06_loop_with_hot.txt,sum,3,2,2,10,22,1,0
cfg06_loop_with_hot.txt,x,3,1,1,1,2,1,0
cfg06_loop_with_hot.txt,hot,3,1,1,9,10,2,0
cfg06_loop_with_hot.txt,i,4,2,2,10,22,2,1
cfg06_loop_with_hot.txt,sum,3,2,2,10,22,2,1
cfg06_loop_with_hot.txt,x,3,1,1,1,2,2,0
cfg06_loop_with_hot.txt,hot,3,1,1,9,10,3,1
cfg06_loop_with_hot.txt,i,4,2,2,10,22,3,1
cfg06_loop_with_hot.txt,sum,3,2,2,10,22,3,1
cfg06_loop_with_hot.txt,x,3,1,1,1,2,3,0
cfg06_loop_with_hot.txt,hot,3,1,1,9,10,4,1
cfg06_loop_with_hot.txt,i,4,2,2,10,22,4,1
cfg06_loop_with_hot.txt,sum,3,2,2,10,22,4,1
cfg06_loop_with_hot.txt,x,3,1,1,1,2,4,1
cfg06_loop_with_hot.txt,hot,3,1,1,9,10,5,1
cfg06_loop_with_hot.txt,i,4,2,2,10,22,5,1
cfg06_loop_with_hot.txt,sum,3,2,2,10,22,5,1
cfg06_loop_with_hot.txt,x,3,1,1,1,2,5,1
cfg07_if_else_reuse.txt,hot,2,5,5,9,50,1,0
cfg07_if_else_reuse.txt,t0,3,2,2,11,24,1,1
cfg07_if_else_reuse.txt,x,2,2,2,5,12,1,0
cfg07_if_else_reuse.txt,y,1,1,1,7,8,1,0
cfg07_if_else_reuse.txt,z,0,1,1,1,2,1,1
cfg07_if_else_reuse.txt,hot,2,5,5,9,50,2,1
cfg07_if_else_reuse.txt,t0,3,2,2,11,24,2,1
cfg07_if_else_reuse.txt,x,2,2,2,5,12,2,0
cfg07_if_else_reuse.txt,y,1,1,1,7,8,2,1
cfg07_if_else_reuse.txt,z,0,1,1,1,2,2,1
cfg07_if_else_reuse.txt,hot,2,5,5,9,50,3,1
cfg07_if_else_reuse.txt,t0,3,2,2,11,24,3,1
cfg07_if_else_reuse.txt,x,2,2,2,5,12,3,1
cfg07_if_else_reuse.txt,y,1,1,1,7,8,3,1
cfg07_if_else_reuse.txt,z,0,1,1,1,2,3,1
cfg07_if_else_reuse.txt,hot,2,5,5,9,50,4,1
cfg07_if_else_reuse.txt,t0,3,2,2,11,24,4,1
cfg07_if_else_reuse.txt,x,2,2,2,5,12,4,1
cfg07_if_else_reuse.txt,y,1,1,1,7,8,4,1
cfg07_if_else_reuse.txt,z,0,1,1,1,2,4,1
cfg07_if_else_reuse.txt,hot,2,5,5,9,50,5,1
cfg07_if_else_reuse.txt,t0,3,2,2,11,24,5,1
cfg07_if_else_reuse.txt,x,2,2,2,5,12,5,1
cfg07_if_else_reuse.txt,y,1,1,1,7,8,5,1
cfg07_if_else_reuse.txt,z,0,1,1,1,2,5,1
cfg08_loop_two_vars.txt,acc,2,2,2,10,22,1,0
cfg08_loop_two_vars.txt,i,3,2,2,10,22,1,1
cfg08_loop_two_vars.txt,j,2,2,2,9,20,1,0
cfg08_loop_two_vars.txt,acc,2,2,2,10,22,2,1
cfg08_loop_two_vars.txt,i,3,2,2,10,22,2,1
cfg08_loop_two_vars.txt,j,2,2,2,9,20,2,0
cfg08_loop_two_vars.txt,acc,2,2,2,10,22,3,1
cfg08_loop_two_vars.txt,i,3,2,2,10,22,3,1
cfg08_loop_two_vars.txt,j,2,2,2,9,20,3,1
cfg08_loop_two_vars.txt,acc,2,2,2,10,22,4,1
cfg08_loop_two_vars.txt,i,3,2,2,10,22,4,1
cfg08_loop_two_vars.txt,j,2,2,2,9,20,4,1
cfg08_loop_two_vars.txt,acc,2,2,2,10,22,5,1
cfg08_loop_two_vars.txt,i,3,2,2,10,22,5,1
cfg08_loop_two_vars.txt,j,2,2,2,9,20,5,1
cfg09_branch_then_loop.txt,acc,2,2,2,9,20,1,0
cfg09_branch_then_loop.txt,i,2,2,2,13,28,1,0
cfg09_branch_then_loop.txt,t0,4,2,2,16,34,1,1
cfg09_branch_then_loop.txt,acc,2,2,2,9,20,2,0
cfg09_branch_then_loop.txt,i,2,2,2,13,28,2,1
cfg09_branch_then_loop.txt,t0,4,2,2,16,34,2,1
cfg09_branch_then_loop.txt,acc,2,2,2,9,20,3,1
cfg09_branch_then_loop.txt,i,2,2,2,13,28,3,1
cfg09_branch_then_loop.txt,t0,4,2,2,16,34,3,1
cfg09_branch_then_loop.txt,acc,2,2,2,9,20,4,1
cfg09_branch_then_loop.txt,i,2,2,2,13,28,4,1
cfg09_branch_then_loop.txt,t0,4,2,2,16,34,4,1
cfg09_branch_then_loop.txt,acc,2,2,2,9,20,5,1
cfg09_branch_then_loop.txt,i,2,2,2,13,28,5,1
cfg09_branch_then_loop.txt,t0,4,2,2,16,34,5,1
cfg10_merge_with_tail.txt,m,1,1,1,6,7,1,0
cfg10_merge_with_tail.txt,t,0,1,1,1,2,1,1
cfg10_merge_with_tail.txt,u,0,1,1,1,2,1,1
cfg10_merge_with_tail.txt,x0,3,3,3,10,33,1,1
cfg10_merge_with_tail.txt,x1,1,2,2,6,14,1,0
cfg10_merge_with_tail.txt,m,1,1,1,6,7,2,1
cfg10_merge_with_tail.txt,t,0,1,1,1,2,2,1
cfg10_merge_with_tail.txt,u,0,1,1,1,2,2,1
cfg10_merge_with_tail.txt,x0,3,3,3,10,33,2,1
cfg10_merge_with_tail.txt,x1,1,2,2,6,14,2,1
cfg10_merge_with_tail.txt,m,1,1,1,6,7,3,1
cfg10_merge_with_tail.txt,t,0,1,1,1,2,3,1
cfg10_merge_with_tail.txt,u,0,1,1,1,2,3,1
cfg10_merge_with_tail.txt,x0,3,3,3,10,33,3,1
cfg10_merge_with_tail.txt,x1,1,2,2,6,14,3,1
cfg10_merge_with_tail.txt,m,1,1,1,6,7,4,1
cfg10_merge_with_tail.txt,t,0,1,1,1,2,4,1
cfg10_merge_with_tail.txt,u,0,1,1,1,2,4,1
cfg10_merge_with_tail.txt,x0,3,3,3,10,33,4,1
cfg10_merge_with_tail.txt,x1,1,2,2,6,14,4,1
cfg10_merge_with_tail.txt,m,1,1,1,6,7,5,1
cfg10_merge_with_tail.txt,t,0,1,1,1,2,5,1
cfg10_merge_with_tail.txt,u,0,1,1,1,2,5,1
cfg10_merge_with_tail.txt,x0,3,3,3,10,33,5,1
cfg10_merge_with_tail.txt,x1,1,2,2,6,14,5,1
cfg11_pressure_merge_mid.txt,s0,2,1,1,1,2,1,1
cfg11_pressure_merge_mid.txt,s1,1,1,1,1,2,1,1
cfg11_pressure_merge_mid.txt,s2,0,1,1,1,2,1,1
cfg11_pressure_merge_mid.txt,t0,3,2,2,5,12,1,0
cfg11_pressure_merge_mid.txt,t1,3,1,1,7,8,1,0
cfg11_pressure_merge_mid.txt,v0,6,4,4,13,56,1,1
cfg11_pressure_merge_mid.txt,v1,6,3,3,13,42,1,0
cfg11_pressure_merge_mid.txt,v2,6,3,3,13,42,1,0
cfg11_pressure_merge_mid.txt,s0,2,1,1,1,2,2,1
cfg11_pressure_merge_mid.txt,s1,1,1,1,1,2,2,1
cfg11_pressure_merge_mid.txt,s2,0,1,1,1,2,2,1
cfg11_pressure_merge_mid.txt,t0,3,2,2,5,12,2,0
cfg11_pressure_merge_mid.txt,t1,3,1,1,7,8,2,0
cfg11_pressure_merge_mid.txt,v0,6,4,4,13,56,2,1
cfg11_pressure_merge_mid.txt,v1,6,3,3,13,42,2,1
cfg11_pressure_merge_mid.txt,v2,6,3,3,13,42,2,0
cfg11_pressure_merge_mid.txt,s0,2,1,1,1,2,3,1
cfg11_pressure_merge_mid.txt,s1,1,1,1,1,2,3,1
cfg11_pressure_merge_mid.txt,s2,0,1,1,1,2,3,1
cfg11_pressure_merge_mid.txt,t0,3,2,2,5,12,3,0
cfg11_pressure_merge_mid.txt,t1,3,1,1,7,8,3,0
cfg11_pressure_merge_mid.txt,v0,6,4,4,13,56,3,1
cfg11_pressure_merge_mid.txt,v1,6,3,3,13,42,3,1
cfg11_pressure_merge_mid.txt,v2,6,3,3,13,42,3,1
cfg11_pressure_merge_mid.txt,s0,2,1,1,1,2,4,1
cfg11_pressure_merge_mid.txt,s1,1,1,1,1,2,4,1
cfg11_pressure_merge_mid.txt,s2,0,1,1,1,2,4,1
cfg11_pressure_merge_mid.txt,t0,3,2,2,5,12,4,1
cfg11_pressure_merge_mid.txt,t1,3,1,1,7,8,4,1
cfg11_pressure_merge_mid.txt,v0,6,4,4,13,56,4,1
cfg11_pressure_merge_mid.txt,v1,6,3,3,13,42,4,1
cfg11_pressure_merge_mid.txt,v2,6,3,3,13,42,4,1
cfg11_pressure_merge_mid.txt,s0,2,1,1,1,2,5,1
cfg11_pressure_merge_mid.txt,s1,1,1,1,1,2,5,1
cfg11_pressure_merge_mid.txt,s2,0,1,1,1,2,5,1
cfg11_pressure_merge_mid.txt,t0,3,2,2,5,12,5,1
cfg11_pressure_merge_mid.txt,t1,3,1,1,7,8,5,1
cfg11_pressure_merge_mid.txt,v0,6,4,4,13,56,5,1
cfg11_pressure_merge_mid.txt,v1,6,3,3,13,42,5,1
cfg11_pressure_merge_mid.txt,v2,6,3,3,13,42,5,1
cfg12_loop_pressure_mid.txt,i,8,2,2,13,28,1,1
cfg12_loop_pressure_mid.txt,p0,7,2,2,12,26,1,0
cfg12_loop_pressure_mid.txt,p1,6,2,2,11,24,1,0
cfg12_loop_pressure_mid.txt,p2,3,2,2,12,26,1,0
cfg12_loop_pressure_mid.txt,x0,3,1,1,1,2,1,0
cfg12_loop_pressure_mid.txt,x1,3,1,1,1,2,1,0
cfg12_loop_pressure_mid.txt,x2,3,1,1,1,2,1,0
cfg12_loop_pressure_mid.txt,i,8,2,2,13,28,2,1
cfg12_loop_pressure_mid.txt,p0,7,2,2,12,26,2,1
cfg12_loop_pressure_mid.txt,p1,6,2,2,11,24,2,0
cfg12_loop_pressure_mid.txt,p2,3,2,2,12,26,2,0
cfg12_loop_pressure_mid.txt,x0,3,1,1,1,2,2,0
cfg12_loop_pressure_mid.txt,x1,3,1,1,1,2,2,0
cfg12_loop_pressure_mid.txt,x2,3,1,1,1,2,2,0
cfg12_loop_pressure_mid.txt,i,8,2,2,13,28,3,1
cfg12_loop_pressure_mid.txt,p0,7,2,2,12,26,3,1
cfg12_loop_pressure_mid.txt,p1,6,2,2,11,24,3,1
cfg12_loop_pressure_mid.txt,p2,3,2,2,12,26,3,0
cfg12_loop_pressure_mid.txt,x0,3,1,1,1,2,3,0
cfg12_loop_pressure_mid.txt,x1,3,1,1,1,2,3,0
cfg12_loop_pressure_mid.txt,x2,3,1,1,1,2,3,0
cfg12_loop_pressure_mid.txt,i,8,2,2,13,28,4,1
cfg12_loop_pressure_mid.txt,p0,7,2,2,12,26,4,1
cfg12_loop_pressure_mid.txt,p1,6,2,2,11,24,4,1
cfg12_loop_pressure_mid.txt,p2,3,2,2,12,26,4,1
cfg12_loop_pressure_mid.txt,x0,3,1,1,1,2,4,1
cfg12_loop_pressure_mid.txt,x1,3,1,1,1,2,4,1
cfg12_loop_pressure_mid.txt,x2,3,1,1,1,2,4,1
cfg12_loop_pressure_mid.txt,i,8,2,2,13,28,5,1
cfg12_loop_pressure_mid.txt,p0,7,2,2,12,26,5,1
cfg12_loop_pressure_mid.txt,p1,6,2,2,11,24,5,1
cfg12_loop_pressure_mid.txt,p2,3,2,2,12,26,5,1
cfg12_loop_pressure_mid.txt,x0,3,1,1,1,2,5,1
cfg12_loop_pressure_mid.txt,x1,3,1,1,1,2,5,1
cfg12_loop_pressure_mid.txt,x2,3,1,1,1,2,5,1
cfg13_two_diamonds_mid.txt,k,6,2,2,19,40,1,0
cfg13_two_diamonds_mid.txt,m0,2,1,1,1,2,1,0
cfg13_two_diamonds_mid.txt,m1,1,1,1,1,2,1,1
cfg13_two_diamonds_mid.txt,m2,0,1,1,1,2,1,1
cfg13_two_diamonds_mid.txt,t0,3,3,3,11,36,1,0
cfg13_two_diamonds_mid.txt,t1,3,1,1,6,7,1,0
cfg13_two_diamonds_mid.txt,u0,6,3,3,19,60,1,1
cfg13_two_diamonds_mid.txt,u1,6,3,3,19,60,1,0
cfg13_two_diamonds_mid.txt,k,6,2,2,19,40,2,0
cfg13_two_diamonds_mid.txt,m0,2,1,1,1,2,2,0
cfg13_two_diamonds_mid.txt,m1,1,1,1,1,2,2,1
cfg13_two_diamonds_mid.txt,m2,0,1,1,1,2,2,1
cfg13_two_diamonds_mid.txt,t0,3,3,3,11,36,2,0
cfg13_two_diamonds_mid.txt,t1,3,1,1,6,7,2,0
cfg13_two_diamonds_mid.txt,u0,6,3,3,19,60,2,1
cfg13_two_diamonds_mid.txt,u1,6,3,3,19,60,2,1
cfg13_two_diamonds_mid.txt,k,6,2,2,19,40,3,1
cfg13_two_diamonds_mid.txt,m0,2,1,1,1,2,3,1
cfg13_two_diamonds_mid.txt,m1,1,1,1,1,2,3,1
cfg13_two_diamonds_mid.txt,m2,0,1,1,1,2,3,1
cfg13_two_diamonds_mid.txt,t0,3,3,3,11,36,3,0
cfg13_two_diamonds_mid.txt,t1,3,1,1,6,7,3,0
cfg13_two_diamonds_mid.txt,u0,6,3,3,19,60,3,1
cfg13_two_diamonds_mid.txt,u1,6,3,3,19,60,3,1
cfg13_two_diamonds_mid.txt,k,6,2,2,19,40,4,1
cfg13_two_diamonds_mid.txt,m0,2,1,1,1,2,4,1
cfg13_two_diamonds_mid.txt,m1,1,1,1,1,2,4,1
cfg13_two_diamonds_mid.txt,m2,0,1,1,1,2,4,1
cfg13_two_diamonds_mid.txt,t0,3,3,3,11,36,4,1
cfg13_two_diamonds_mid.txt,t1,3,1,1,6,7,4,1
cfg13_two_diamonds_mid.txt,u0,6,3,3,19,60,4,1
cfg13_two_diamonds_mid.txt,u1,6,3,3,19,60,4,1
cfg13_two_diamonds_mid.txt,k,6,2,2,19,40,5,1
cfg13_two_diamonds_mid.txt,m0,2,1,1,1,2,5,1
cfg13_two_diamonds_mid.txt,m1,1,1,1,1,2,5,1
cfg13_two_diamonds_mid.txt,m2,0,1,1,1,2,5,1
cfg13_two_diamonds_mid.txt,t0,3,3,3,11,36,5,1
cfg13_two_diamonds_mid.txt,t1,3,1,1,6,7,5,1
cfg13_two_diamonds_mid.txt,u0,6,3,3,19,60,5,1
cfg13_two_diamonds_mid.txt,u1,6,3,3,19,60,5,1
cfg14_long_liveranges_mid.txt,a0,11,2,2,11,24,1,1
cfg14_long_liveranges_mid.txt,a1,8,1,1,6,7,1,0
cfg14_long_liveranges_mid.txt,a2,8,1,1,6,7,1,0
cfg14_long_liveranges_mid.txt,b0,6,1,1,3,4,1,0
cfg14_long_liveranges_mid.txt,b1,7,1,1,3,4,1,0
cfg14_long_liveranges_mid.txt,b2,9,2,2,7,16,1,0
cfg14_long_liveranges_mid.txt,sum,3,4,4,4,20,1,0
cfg14_long_liveranges_mid.txt,t0,7,1,1,3,4,1,0
cfg14_long_liveranges_mid.txt,t1,5,1,1,2,3,1,0
cfg14_long_liveranges_mid.txt,t2,5,1,1,2,3,1,0
cfg14_long_liveranges_mid.txt,a0,11,2,2,11,24,2,1
cfg14_long_liveranges_mid.txt,a1,8,1,1,6,7,2,0
cfg14_long_liveranges_mid.txt,a2,8,1,1,6,7,2,0
cfg14_long_liveranges_mid.txt,b0,6,1,1,3,4,2,0
cfg14_long_liveranges_mid.txt,b1,7,1,1,3,4,2,0
cfg14_long_liveranges_mid.txt,b2,9,2,2,7,16,2,1
cfg14_long_liveranges_mid.txt,sum,3,4,4,4,20,2,0
cfg14_long_liveranges_mid.txt,t0,7,1,1,3,4,2,0
cfg14_long_liveranges_mid.txt,t1,5,1,1,2,3,2,0
cfg14_long_liveranges_mid.txt,t2,5,1,1,2,3,2,0
cfg14_long_liveranges_mid.txt,a0,11,2,2,11,24,3,1
cfg14_long_liveranges_mid.txt,a1,8,1,1,6,7,3,1
cfg14_long_liveranges_mid.txt,a2,8,1,1,6,7,3,0
cfg14_long_liveranges_mid.txt,b0,6,1,1,3,4,3,0
cfg14_long_liveranges_mid.txt,b1,7,1,1,3,4,3,0
cfg14_long_liveranges_mid.txt,b2,9,2,2,7,16,3,1
cfg14_long_liveranges_mid.txt,sum,3,4,4,4,20,3,1
cfg14_long_liveranges_mid.txt,t0,7,1,1,3,4,3,0
cfg14_long_liveranges_mid.txt,t1,5,1,1,2,3,3,1
cfg14_long_liveranges_mid.txt,t2,5,1,1,2,3,3,0
cfg14_long_liveranges_mid.txt,a0,11,2,2,11,24,4,1
cfg14_long_liveranges_mid.txt,a1,8,1,1,6,7,4,1
cfg14_long_liveranges_mid.txt,a2,8,1,1,6,7,4,1
cfg14_long_liveranges_mid.txt,b0,6,1,1,3,4,4,0
cfg14_long_liveranges_mid.txt,b1,7,1,1,3,4,4,0
cfg14_long_liveranges_mid.txt,b2,9,2,2,7,16,4,1
cfg14_long_liveranges_mid.txt,sum,3,4,4,4,20,4,1
cfg14_long_liveranges_mid.txt,t0,7,1,1,3,4,4,0
cfg14_long_liveranges_mid.txt,t1,5,1,1,2,3,4,1
cfg14_long_liveranges_mid.txt,t2,5,1,1,2,3,4,1
cfg14_long_liveranges_mid.txt,a0,11,2,2,11,24,5,1
cfg14_long_liveranges_mid.txt,a1,8,1,1,6,7,5,1
cfg14_long_liveranges_mid.txt,a2,8,1,1,6,7,5,1
cfg14_long_liveranges_mid.txt,b0,6,1,1,3,4,5,0
cfg14_long_liveranges_mid.txt,b1,7,1,1,3,4,5,1
cfg14_long_liveranges_mid.txt,b2,9,2,2,7,16,5,1
cfg14_long_liveranges_mid.txt,sum,3,4,4,4,20,5,1
cfg14_long_liveranges_mid.txt,t0,7,1,1,3,4,5,0
cfg14_long_liveranges_mid.txt,t1,5,1,1,2,3,5,1
cfg14_long_liveranges_mid.txt,t2,5,1,1,2,3,5,1
cfg15_branch_rejoin_mid2.txt,p,6,3,3,11,36,1,1
cfg15_branch_rejoin_mid2.txt,q,4,2,2,9,20,1,0
cfg15_branch_rejoin_mid2.txt,r,3,2,2,8,18,1,0
cfg15_branch_rejoin_mid2.txt,s,5,3,3,11,36,1,0
cfg15_branch_rejoin_mid2.txt,x,2,2,2,5,12,1,0
cfg15_branch_rejoin_mid2.txt,y,1,1,1,7,8,1,1
cfg15_branch_rejoin_mid2.txt,z,0,1,1,1,2,1,1
cfg15_branch_rejoin_mid2.txt,p,6,3,3,11,36,2,1
cfg15_branch_rejoin_mid2.txt,q,4,2,2,9,20,2,0
cfg15_branch_rejoin_mid2.txt,r,3,2,2,8,18,2,0
cfg15_branch_rejoin_mid2.txt,s,5,3,3,11,36,2,1
cfg15_branch_rejoin_mid2.txt,x,2,2,2,5,12,2,0
cfg15_branch_rejoin_mid2.txt,y,1,1,1,7,8,2,1
cfg15_branch_rejoin_mid2.txt,z,0,1,1,1,2,2,1
cfg15_branch_rejoin_mid2.txt,p,6,3,3,11,36,3,1
cfg15_branch_rejoin_mid2.txt,q,4,2,2,9,20,3,1
cfg15_branch_rejoin_mid2.txt,r,3,2,2,8,18,3,0
cfg15_branch_rejoin_mid2.txt,s,5,3,3,11,36,3,1
cfg15_branch_rejoin_mid2.txt,x,2,2,2,5,12,3,1
cfg15_branch_rejoin_mid2.txt,y,1,1,1,7,8,3,1
cfg15_branch_rejoin_mid2.txt,z,0,1,1,1,2,3,1
cfg15_branch_rejoin_mid2.txt,p,6,3,3,11,36,4,1
cfg15_branch_rejoin_mid2.txt,q,4,2,2,9,20,4,1
cfg15_branch_rejoin_mid2.txt,r,3,2,2,8,18,4,1
cfg15_branch_rejoin_mid2.txt,s,5,3,3,11,36,4,1
cfg15_branch_rejoin_mid2.txt,x,2,2,2,5,12,4,1
cfg15_branch_rejoin_mid2.txt,y,1,1,1,7,8,4,1
cfg15_branch_rejoin_mid2.txt,z,0,1,1,1,2,4,1
cfg15_branch_rejoin_mid2.txt,p,6,3,3,11,36,5,1
cfg15_branch_rejoin_mid2.txt,q,4,2,2,9,20,5,1
cfg15_branch_rejoin_mid2.txt,r,3,2,2,8,18,5,1
cfg15_branch_rejoin_mid2.txt,s,5,3,3,11,36,5,1
cfg15_branch_rejoin_mid2.txt,x,2,2,2,5,12,5,1
cfg15_branch_rejoin_mid2.txt,y,1,1,1,7,8,5,1
cfg15_branch_rejoin_mid2.txt,z,0,1,1,1,2,5,1
cfg16_loop_with_merge_mid.txt,acc,3,3,3,17,54,1,0
cfg16_loop_with_merge_mid.txt,base,3,2,2,16,34,1,0
cfg16_loop_with_merge_mid.txt,i,4,3,3,17,54,1,1
cfg16_loop_with_merge_mid.txt,t0,3,2,2,3,8,1,0
cfg16_loop_with_merge_mid.txt,acc,3,3,3,17,54,2,1
cfg16_loop_with_merge_mid.txt,base,3,2,2,16,34,2,0
cfg16_loop_with_merge_mid.txt,i,4,3,3,17,54,2,1
cfg16_loop_with_merge_mid.txt,t0,3,2,2,3,8,2,0
cfg16_loop_with_merge_mid.txt,acc,3,3,3,17,54,3,1
cfg16_loop_with_merge_mid.txt,base,3,2,2,16,34,3,1
cfg16_loop_with_merge_mid.txt,i,4,3,3,17,54,3,1
cfg16_loop_with_merge_mid.txt,t0,3,2,2,3,8,3,0
cfg16_loop_with_merge_mid.txt,acc,3,3,3,17,54,4,1
cfg16_loop_with_merge_mid.txt,base,3,2,2,16,34,4,1
cfg16_loop_with_merge_mid.txt,i,4,3,3,17,54,4,1
cfg16_loop_with_merge_mid.txt,t0,3,2,2,3,8,4,1
cfg16_loop_with_merge_mid.txt,acc,3,3,3,17,54,5,1
cfg16_loop_with_merge_mid.txt,base,3,2,2,16,34,5,1
cfg16_loop_with_merge_mid.txt,i,4,3,3,17,54,5,1
cfg16_loop_with_merge_mid.txt,t0,3,2,2,3,8,5,1
cfg17_branch_chain_mid.txt,t0,5,3,3,11,36,1,0
cfg17_branch_chain_mid.txt,t1,4,2,2,5,12,1,0
cfg17_branch_chain_mid.txt,t2,2,1,1,7,8,1,0
cfg17_branch_chain_mid.txt,u0,1,1,1,1,2,1,0
cfg17_branch_chain_mid.txt,u1,0,1,1,1,2,1,1
cfg17_branch_chain_mid.txt,x0,6,2,2,11,24,1,0
cfg17_branch_chain_mid.txt,x1,5,3,3,9,30,1,0
cfg17_branch_chain_mid.txt,x2,6,3,3,13,42,1,1
cfg17_branch_chain_mid.txt,t0,5,3,3,11,36,2,0
cfg17_branch_chain_mid.txt,t1,4,2,2,5,12,2,0
cfg17_branch_chain_mid.txt,t2,2,1,1,7,8,2,1
cfg17_branch_chain_mid.txt,u0,1,1,1,1,2,2,1
cfg17_branch_chain_mid.txt,u1,0,1,1,1,2,2,1
cfg17_branch_chain_mid.txt,x0,6,2,2,11,24,2,1
cfg17_branch_chain_mid.txt,x1,5,3,3,9,30,2,0
cfg17_branch_chain_mid.txt,x2,6,3,3,13,42,2,1
cfg17_branch_chain_mid.txt,t0,5,3,3,11,36,3,1
cfg17_branch_chain_mid.txt,t1,4,2,2,5,12,3,0
cfg17_branch_chain_mid.txt,t2,2,1,1,7,8,3,1
cfg17_branch_chain_mid.txt,u0,1,1,1,1,2,3,1
cfg17_branch_chain_mid.txt,u1,0,1,1,1,2,3,1
cfg17_branch_chain_mid.txt,x0,6,2,2,11,24,3,1
cfg17_branch_chain_mid.txt,x1,5,3,3,9,30,3,0
cfg17_branch_chain_mid.txt,x2,6,3,3,13,42,3,1
cfg17_branch_chain_mid.txt,t0,5,3,3,11,36,4,1
cfg17_branch_chain_mid.txt,t1,4,2,2,5,12,4,0
cfg17_branch_chain_mid.txt,t2,2,1,1,7,8,4,1
cfg17_branch_chain_mid.txt,u0,1,1,1,1,2,4,1
cfg17_branch_chain_mid.txt,u1,0,1,1,1,2,4,1
cfg17_branch_chain_mid.txt,x0,6,2,2,11,24,4,1
cfg17_branch_chain_mid.txt,x1,5,3,3,9,30,4,1
cfg17_branch_chain_mid.txt,x2,6,3,3,13,42,4,1
cfg17_branch_chain_mid.txt,t0,5,3,3,11,36,5,1
cfg17_branch_chain_mid.txt,t1,4,2,2,5,12,5,1
cfg17_branch_chain_mid.txt,t2,2,1,1,7,8,5,1
cfg17_branch_chain_mid.txt,u0,1,1,1,1,2,5,1
cfg17_branch_chain_mid.txt,u1,0,1,1,1,2,5,1
cfg17_branch_chain_mid.txt,x0,6,2,2,11,24,5,1
cfg17_branch_chain_mid.txt,x1,5,3,3,9,30,5,1
cfg17_branch_chain_mid.txt,x2,6,3,3,13,42,5,1
cfg18_loop_two_acc_mid.txt,acc0,7,2,2,15,32,1,0
cfg18_loop_two_acc_mid.txt,acc1,7,2,2,14,30,1,0
cfg18_loop_two_acc_mid.txt,i,8,2,2,14,30,1,1
cfg18_loop_two_acc_mid.txt,k0,7,1,1,11,12,1,0
cfg18_loop_two_acc_mid.txt,k1,6,1,1,10,11,1,0
cfg18_loop_two_acc_mid.txt,sum,0,1,1,1,2,1,1
cfg18_loop_two_acc_mid.txt,t0,4,1,1,1,2,1,0
cfg18_loop_two_acc_mid.txt,t1,4,1,1,1,2,1,0
cfg18_loop_two_acc_mid.txt,acc0,7,2,2,15,32,2,1
cfg18_loop_two_acc_mid.txt,acc1,7,2,2,14,30,2,0
cfg18_loop_two_acc_mid.txt,i,8,2,2,14,30,2,1
cfg18_loop_two_acc_mid.txt,k0,7,1,1,11,12,2,0
cfg18_loop_two_acc_mid.txt,k1,6,1,1,10,11,2,0
cfg18_loop_two_acc_mid.txt,sum,0,1,1,1,2,2,1
cfg18_loop_two_acc_mid.txt,t0,4,1,1,1,2,2,1
cfg18_loop_two_acc_mid.txt,t1,4,1,1,1,2,2,0
cfg18_loop_two_acc_mid.txt,acc0,7,2,2,15,32,3,1
cfg18_loop_two_acc_mid.txt,acc1,7,2,2,14,30,3,1
cfg18_loop_two_acc_mid.txt,i,8,2,2,14,30,3,1
cfg18_loop_two_acc_mid.txt,k0,7,1,1,11,12,3,0
cfg18_loop_two_acc_mid.txt,k1,6,1,1,10,11,3,0
cfg18_loop_two_acc_mid.txt,sum,0,1,1,1,2,3,1
cfg18_loop_two_acc_mid.txt,t0,4,1,1,1,2,3,1
cfg18_loop_two_acc_mid.txt,t1,4,1,1,1,2,3,1
cfg18_loop_two_acc_mid.txt,acc0,7,2,2,15,32,4,1
cfg18_loop_two_acc_mid.txt,acc1,7,2,2,14,30,4,1
cfg18_loop_two_acc_mid.txt,i,8,2,2,14,30,4,1
cfg18_loop_two_acc_mid.txt,k0,7,1,1,11,12,4,1
cfg18_loop_two_acc_mid.txt,k1,6,1,1,10,11,4,0
cfg18_loop_two_acc_mid.txt,sum,0,1,1,1,2,4,1
cfg18_loop_two_acc_mid.txt,t0,4,1,1,1,2,4,1
cfg18_loop_two_acc_mid.txt,t1,4,1,1,1,2,4,1
cfg18_loop_two_acc_mid.txt,acc0,7,2,2,15,32,5,1
cfg18_loop_two_acc_mid.txt,acc1,7,2,2,14,30,5,1
cfg18_loop_two_acc_mid.txt,i,8,2,2,14,30,5,1
cfg18_loop_two_acc_mid.txt,k0,7,1,1,11,12,5,1
cfg18_loop_two_acc_mid.txt,k1,6,1,1,10,11,5,1
cfg18_loop_two_acc_mid.txt,sum,0,1,1,1,2,5,1
cfg18_loop_two_acc_mid.txt,t0,4,1,1,1,2,5,1
cfg18_loop_two_acc_mid.txt,t1,4,1,1,1,2,5,1
cfg19_merge_then_pressure_mid.txt,p0,3,1,1,1,2,1,0
cfg19_merge_then_pressure_mid.txt,p1,2,1,1,1,2,1,0
cfg19_merge_then_pressure_mid.txt,p2,1,1,1,1,2,1,0
cfg19_merge_then_pressure_mid.txt,p3,0,1,1,1,2,1,1
cfg19_merge_then_pressure_mid.txt,t0,7,3,3,11,36,1,1
cfg19_merge_then_pressure_mid.txt,t1,4,1,1,7,8,1,0
cfg19_merge_then_pressure_mid.txt,v0,6,3,3,13,42,1,0
cfg19_merge_then_pressure_mid.txt,v1,6,4,4,13,56,1,0
cfg19_merge_then_pressure_mid.txt,v2,6,3,3,13,42,1,0
cfg19_merge_then_pressure_mid.txt,p0,3,1,1,1,2,2,0
cfg19_merge_then_pressure_mid.txt,p1,2,1,1,1,2,2,1
cfg19_merge_then_pressure_mid.txt,p2,1,1,1,1,2,2,1
cfg19_merge_then_pressure_mid.txt,p3,0,1,1,1,2,2,1
cfg19_merge_then_pressure_mid.txt,t0,7,3,3,11,36,2,1
cfg19_merge_then_pressure_mid.txt,t1,4,1,1,7,8,2,0
cfg19_merge_then_pressure_mid.txt,v0,6,3,3,13,42,2,0
cfg19_merge_then_pressure_mid.txt,v1,6,4,4,13,56,2,1
cfg19_merge_then_pressure_mid.txt,v2,6,3,3,13,42,2,0
cfg19_merge_then_pressure_mid.txt,p0,3,1,1,1,2,3,1
cfg19_merge_then_pressure_mid.txt,p1,2,1,1,1,2,3,1
cfg19_merge_then_pressure_mid.txt,p2,1,1,1,1,2,3,1
cfg19_merge_then_pressure_mid.txt,p3,0,1,1,1,2,3,1
cfg19_merge_then_pressure_mid.txt,t0,7,3,3,11,36,3,1
cfg19_merge_then_pressure_mid.txt,t1,4,1,1,7,8,3,0
cfg19_merge_then_pressure_mid.txt,v0,6,3,3,13,42,3,1
cfg19_merge_then_pressure_mid.txt,v1,6,4,4,13,56,3,1
cfg19_merge_then_pressure_mid.txt,v2,6,3,3,13,42,3,0
cfg19_merge_then_pressure_mid.txt,p0,3,1,1,1,2,4,1
cfg19_merge_then_pressure_mid.txt,p1,2,1,1,1,2,4,1
cfg19_merge_then_pressure_mid.txt,p2,1,1,1,1,2,4,1
cfg19_merge_then_pressure_mid.txt,p3,0,1,1,1,2,4,1
cfg19_merge_then_pressure_mid.txt,t0,7,3,3,11,36,4,1
cfg19_merge_then_pressure_mid.txt,t1,4,1,1,7,8,4,0
cfg19_merge_then_pressure_mid.txt,v0,6,3,3,13,42,4,1
cfg19_merge_then_pressure_mid.txt,v1,6,4,4,13,56,4,1
cfg19_merge_then_pressure_mid.txt,v2,6,3,3,13,42,4,1
cfg19_merge_then_pressure_mid.txt,p0,3,1,1,1,2,5,1
cfg19_merge_then_pressure_mid.txt,p1,2,1,1,1,2,5,1
cfg19_merge_then_pressure_mid.txt,p2,1,1,1,1,2,5,1
cfg19_merge_then_pressure_mid.txt,p3,0,1,1,1,2,5,1
cfg19_merge_then_pressure_mid.txt,t0,7,3,3,11,36,5,1
cfg19_merge_then_pressure_mid.txt,t1,4,1,1,7,8,5,1
cfg19_merge_then_pressure_mid.txt,v0,6,3,3,13,42,5,1
cfg19_merge_then_pressure_mid.txt,v1,6,4,4,13,56,5,1
cfg19_merge_then_pressure_mid.txt,v2,6,3,3,13,42,5,1
cfg20_two_loops_mid.txt,acc,2,3,3,17,54,1,0
cfg20_two_loops_mid.txt,i,3,2,2,9,20,1,1
cfg20_two_loops_mid.txt,j,2,2,2,16,34,1,0
cfg20_two_loops_mid.txt,acc,2,3,3,17,54,2,1
cfg20_two_loops_mid.txt,i,3,2,2,9,20,2,1
cfg20_two_loops_mid.txt,j,2,2,2,16,34,2,0
cfg20_two_loops_mid.txt,acc,2,3,3,17,54,3,1
cfg20_two_loops_mid.txt,i,3,2,2,9,20,3,1
cfg20_two_loops_mid.txt,j,2,2,2,16,34,3,1
cfg20_two_loops_mid.txt,acc,2,3,3,17,54,4,1
cfg20_two_loops_mid.txt,i,3,2,2,9,20,4,1
cfg20_two_loops_mid.txt,j,2,2,2,16,34,4,1
cfg20_two_loops_mid.txt,acc,2,3,3,17,54,5,1
cfg20_two_loops_mid.txt,i,3,2,2,9,20,5,1
cfg20_two_loops_mid.txt,j,2,2,2,16,34,5,1
cfg21_stress_mix_high.txt,s0,2,1,1,1,2,1,1
cfg21_stress_mix_high.txt,s1,1,1,1,1,2,1,1
cfg21_stress_mix_high.txt,s2,0,1,1,1,2,1,1
cfg21_stress_mix_high.txt,t0,11,3,3,19,60,1,1
cfg21_stress_mix_high.txt,t1,11,3,3,19,60,1,0
cfg21_stress_mix_high.txt,t2,11,3,3,19,60,1,0
cfg21_stress_mix_high.txt,t3,8,3,3,12,39,1,0
cfg21_stress_mix_high.txt,t4,7,3,3,10,33,1,0
cfg21_stress_mix_high.txt,t5,8,2,2,11,24,1,0
cfg21_stress_mix_high.txt,t6,6,3,3,8,27,1,0
cfg21_stress_mix_high.txt,u0,6,2,2,6,14,1,0
cfg21_stress_mix_high.txt,u1,5,2,2,6,14,1,0
cfg21_stress_mix_high.txt,u2,3,1,1,8,9,1,0
cfg21_stress_mix_high.txt,s0,2,1,1,1,2,2,1
cfg21_stress_mix_high.txt,s1,1,1,1,1,2,2,1
cfg21_stress_mix_high.txt,s2,0,1,1,1,2,2,1
cfg21_stress_mix_high.txt,t0,11,3,3,19,60,2,1
cfg21_stress_mix_high.txt,t1,11,3,3,19,60,2,1
cfg21_stress_mix_high.txt,t2,11,3,3,19,60,2,0
cfg21_stress_mix_high.txt,t3,8,3,3,12,39,2,0
cfg21_stress_mix_high.txt,t4,7,3,3,10,33,2,0
cfg21_stress_mix_high.txt,t5,8,2,2,11,24,2,0
cfg21_stress_mix_high.txt,t6,6,3,3,8,27,2,0
cfg21_stress_mix_high.txt,u0,6,2,2,6,14,2,0
cfg21_stress_mix_high.txt,u1,5,2,2,6,14,2,0
cfg21_stress_mix_high.txt,u2,3,1,1,8,9,2,0
cfg21_stress_mix_high.txt,s0,2,1,1,1,2,3,1
cfg21_stress_mix_high.txt,s1,1,1,1,1,2,3,1
cfg21_stress_mix_high.txt,s2,0,1,1,1,2,3,1
cfg21_stress_mix_high.txt,t0,11,3,3,19,60,3,1
cfg21_stress_mix_high.txt,t1,11,3,3,19,60,3,1
cfg21_stress_mix_high.txt,t2,11,3,3,19,60,3,1
cfg21_stress_mix_high.txt,t3,8,3,3,12,39,3,0
cfg21_stress_mix_high.txt,t4,7,3,3,10,33,3,0
cfg21_stress_mix_high.txt,t5,8,2,2,11,24,3,0
cfg21_stress_mix_high.txt,t6,6,3,3,8,27,3,0
cfg21_stress_mix_high.txt,u0,6,2,2,6,14,3,0
cfg21_stress_mix_high.txt,u1,5,2,2,6,14,3,0
cfg21_stress_mix_high.txt,u2,3,1,1,8,9,3,0
cfg21_stress_mix_high.txt,s0,2,1,1,1,2,4,1
cfg21_stress_mix_high.txt,s1,1,1,1,1,2,4,1
cfg21_stress_mix_high.txt,s2,0,1,1,1,2,4,1
cfg21_stress_mix_high.txt,t0,11,3,3,19,60,4,1
cfg21_stress_mix_high.txt,t1,11,3,3,19,60,4,1
cfg21_stress_mix_high.txt,t2,11,3,3,19,60,4,1
cfg21_stress_mix_high.txt,t3,8,3,3,12,39,4,1
cfg21_stress_mix_high.txt,t4,7,3,3,10,33,4,0
cfg21_stress_mix_high.txt,t5,8,2,2,11,24,4,0
cfg21_stress_mix_high.txt,t6,6,3,3,8,27,4,0
cfg21_stress_mix_high.txt,u0,6,2,2,6,14,4,0
cfg21_stress_mix_high.txt,u1,5,2,2,6,14,4,0
cfg21_stress_mix_high.txt,u2,3,1,1,8,9,4,1
cfg21_stress_mix_high.txt,s0,2,1,1,1,2,5,1
cfg21_stress_mix_high.txt,s1,1,1,1,1,2,5,1
cfg21_stress_mix_high.txt,s2,0,1,1,1,2,5,1
cfg21_stress_mix_high.txt,t0,11,3,3,19,60,5,1
cfg21_stress_mix_high.txt,t1,11,3,3,19,60,5,1
cfg21_stress_mix_high.txt,t2,11,3,3,19,60,5,1
cfg21_stress_mix_high.txt,t3,8,3,3,12,39,5,1
cfg21_stress_mix_high.txt,t4,7,3,3,10,33,5,0
cfg21_stress_mix_high.txt,t5,8,2,2,11,24,5,1
cfg21_stress_mix_high.txt,t6,6,3,3,8,27,5,0
cfg21_stress_mix_high.txt,u0,6,2,2,6,14,5,0
cfg21_stress_mix_high.txt,u1,5,2,2,6,14,5,0
cfg21_stress_mix_high.txt,u2,3,1,1,8,9,5,1
cfg22_long_live_high.txt,a0,13,1,1,11,12,1,0
cfg22_long_live_high.txt,a1,14,1,1,11,12,1,0
cfg22_long_live_high.txt,a2,15,1,1,11,12,1,0
cfg22_long_live_high.txt,a3,15,1,1,11,12,1,0
cfg22_long_live_high.txt,b0,12,1,1,7,8,1,0
cfg22_long_live_high.txt,b1,13,1,1,7,8,1,0
cfg22_long_live_high.txt,b2,14,1,1,7,8,1,0
cfg22_long_live_high.txt,b3,14,1,1,7,8,1,0
cfg22_long_live_high.txt,c0,18,1,1,10,11,1,0
cfg22_long_live_high.txt,c1,19,1,1,10,11,1,1
cfg22_long_live_high.txt,c2,19,1,1,10,11,1,0
cfg22_long_live_high.txt,t0,12,1,1,4,5,1,0
cfg22_long_live_high.txt,t1,10,1,1,3,4,1,0
cfg22_long_live_high.txt,t2,9,1,1,3,4,1,0
cfg22_long_live_high.txt,t3,7,1,1,2,3,1,0
cfg22_long_live_high.txt,u0,6,1,1,2,3,1,0
cfg22_long_live_high.txt,u1,4,1,1,1,2,1,0
cfg22_long_live_high.txt,v0,3,1,1,1,2,1,0
cfg22_long_live_high.txt,v1,2,1,1,1,2,1,0
cfg22_long_live_high.txt,v2,1,1,1,1,2,1,1
cfg22_long_live_high.txt,v3,0,1,1,1,2,1,1
cfg22_long_live_high.txt,a0,13,1,1,11,12,2,0
cfg22_long_live_high.txt,a1,14,1,1,11,12,2,0
cfg22_long_live_high.txt,a2,15,1,1,11,12,2,0
cfg22_long_live_high.txt,a3,15,1,1,11,12,2,0
cfg22_long_live_high.txt,b0,12,1,1,7,8,2,0
cfg22_long_live_high.txt,b1,13,1,1,7,8,2,0
cfg22_long_live_high.txt,b2,14,1,1,7,8,2,0
cfg22_long_live_high.txt,b3,14,1,1,7,8,2,0
cfg22_long_live_high.txt,c0,18,1,1,10,11,2,0
cfg22_long_live_high.txt,c1,19,1,1,10,11,2,1
cfg22_long_live_high.txt,c2,19,1,1,10,11,2,1
cfg22_long_live_high.txt,t0,12,1,1,4,5,2,0
cfg22_long_live_high.txt,t1,10,1,1,3,4,2,0
cfg22_long_live_high.txt,t2,9,1,1,3,4,2,0
cfg22_long_live_high.txt,t3,7,1,1,2,3,2,0
cfg22_long_live_high.txt,u0,6,1,1,2,3,2,0
cfg22_long_live_high.txt,u1,4,1,1,1,2,2,0
cfg22_long_live_high.txt,v0,3,1,1,1,2,2,0
cfg22_long_live_high.txt,v1,2,1,1,1,2,2,0
cfg22_long_live_high.txt,v2,1,1,1,1,2,2,1
cfg22_long_live_high.txt,v3,0,1,1,1,2,2,1
cfg22_long_live_high.txt,a0,13,1,1,11,12,3,0
cfg22_long_live_high.txt,a1,14,1,1,11,12,3,0
cfg22_long_live_high.txt,a2,15,1,1,11,12,3,0
cfg22_long_live_high.txt,a3,15,1,1,11,12,3,0
cfg22_long_live_high.txt,b0,12,1,1,7,8,3,0
cfg22_long_live_high.txt,b1,13,1,1,7,8,3,0
cfg22_long_live_high.txt,b2,14,1,1,7,8,3,0
cfg22_long_live_high.txt,b3,14,1,1,7,8,3,0
cfg22_long_live_high.txt,c0,18,1,1,10,11,3,1
cfg22_long_live_high.txt,c1,19,1,1,10,11,3,1
cfg22_long_live_high.txt,c2,19,1,1,10,11,3,1
cfg22_long_live_high.txt,t0,12,1,1,4,5,3,0
cfg22_long_live_high.txt,t1,10,1,1,3,4,3,0
cfg22_long_live_high.txt,t2,9,1,1,3,4,3,0
cfg22_long_live_high.txt,t3,7,1,1,2,3,3,0
cfg22_long_live_high.txt,u0,6,1,1,2,3,3,0
cfg22_long_live_high.txt,u1,4,1,1,1,2,3,0
cfg22_long_live_high.txt,v0,3,1,1,1,2,3,0
cfg22_long_live_high.txt,v1,2,1,1,1,2,3,1
cfg22_long_live_high.txt,v2,1,1,1,1,2,3,1
cfg22_long_live_high.txt,v3,0,1,1,1,2,3,1
cfg22_long_live_high.txt,a0,13,1,1,11,12,4,0
cfg22_long_live_high.txt,a1,14,1,1,11,12,4,0
cfg22_long_live_high.txt,a2,15,1,1,11,12,4,1
cfg22_long_live_high.txt,a3,15,1,1,11,12,4,0
cfg22_long_live_high.txt,b0,12,1,1,7,8,4,0
cfg22_long_live_high.txt,b1,13,1,1,7,8,4,0
cfg22_long_live_high.txt,b2,14,1,1,7,8,4,0
cfg22_long_live_high.txt,b3,14,1,1,7,8,4,0
cfg22_long_live_high.txt,c0,18,1,1,10,11,4,1
cfg22_long_live_high.txt,c1,19,1,1,10,11,4,1
cfg22_long_live_high.txt,c2,19,1,1,10,11,4,1
cfg22_long_live_high.txt,t0,12,1,1,4,5,4,0
cfg22_long_live_high.txt,t1,10,1,1,3,4,4,0
cfg22_long_live_high.txt,t2,9,1,1,3,4,4,1
cfg22_long_live_high.txt,t3,7,1,1,2,3,4,0
cfg22_long_live_high.txt,u0,6,1,1,2,3,4,0
cfg22_long_live_high.txt,u1,4,1,1,1,2,4,1
cfg22_long_live_high.txt,v0,3,1,1,1,2,4,1
cfg22_long_live_high.txt,v1,2,1,1,1,2,4,1
cfg22_long_live_high.txt,v2,1,1,1,1,2,4,1
cfg22_long_live_high.txt,v3,0,1,1,1,2,4,1
cfg22_long_live_high.txt,a0,13,1,1,11,12,5,0
cfg22_long_live_high.txt,a1,14,1,1,11,12,5,0
cfg22_long_live_high.txt,a2,15,1,1,11,12,5,1
cfg22_long_live_high.txt,a3,15,1,1,11,12,5,1
cfg22_long_live_high.txt,b0,12,1,1,7,8,5,0
cfg22_long_live_high.txt,b1,13,1,1,7,8,5,0
cfg22_long_live_high.txt,b2,14,1,1,7,8,5,0
cfg22_long_live_high.txt,b3,14,1,1,7,8,5,0
cfg22_long_live_high.txt,c0,18,1,1,10,11,5,1
cfg22_long_live_high.txt,c1,19,1,1,10,11,5,1
cfg22_long_live_high.txt,c2,19,1,1,10,11,5,1
cfg22_long_live_high.txt,t0,12,1,1,4,5,5,0
cfg22_long_live_high.txt,t1,10,1,1,3,4,5,0
cfg22_long_live_high.txt,t2,9,1,1,3,4,5,1
cfg22_long_live_high.txt,t3,7,1,1,2,3,5,1
cfg22_long_live_high.txt,u0,6,1,1,2,3,5,0
cfg22_long_live_high.txt,u1,4,1,1,1,2,5,1
cfg22_long_live_high.txt,v0,3,1,1,1,2,5,1
cfg22_long_live_high.txt,v1,2,1,1,1,2,5,1
cfg22_long_live_high.txt,v2,1,1,1,1,2,5,1
cfg22_long_live_high.txt,v3,0,1,1,1,2,5,1
cfg23_pressure_loop_high.txt,acc,9,2,2,13,28,1,0
cfg23_pressure_loop_high.txt,i,11,2,2,16,34,1,1
cfg23_pressure_loop_high.txt,p0,10,2,2,15,32,1,0
cfg23_pressure_loop_high.txt,p1,9,2,2,14,30,1,0
cfg23_pressure_loop_high.txt,p2,9,2,2,13,28,1,0
cfg23_pressure_loop_high.txt,p3,9,2,2,12,26,1,0
cfg23_pressure_loop_high.txt,x0,6,1,1,1,2,1,0
cfg23_pressure_loop_high.txt,x1,6,1,1,1,2,1,0
cfg23_pressure_loop_high.txt,x2,6,1,1,1,2,1,0
cfg23_pressure_loop_high.txt,x3,6,1,1,1,2,1,0
cfg23_pressure_loop_high.txt,acc,9,2,2,13,28,2,0
cfg23_pressure_loop_high.txt,i,11,2,2,16,34,2,1
cfg23_pressure_loop_high.txt,p0,10,2,2,15,32,2,1
cfg23_pressure_loop_high.txt,p1,9,2,2,14,30,2,0
cfg23_pressure_loop_high.txt,p2,9,2,2,13,28,2,0
cfg23_pressure_loop_high.txt,p3,9,2,2,12,26,2,0
cfg23_pressure_loop_high.txt,x0,6,1,1,1,2,2,0
cfg23_pressure_loop_high.txt,x1,6,1,1,1,2,2,0
cfg23_pressure_loop_high.txt,x2,6,1,1,1,2,2,0
cfg23_pressure_loop_high.txt,x3,6,1,1,1,2,2,0
cfg23_pressure_loop_high.txt,acc,9,2,2,13,28,3,0
cfg23_pressure_loop_high.txt,i,11,2,2,16,34,3,1
cfg23_pressure_loop_high.txt,p0,10,2,2,15,32,3,1
cfg23_pressure_loop_high.txt,p1,9,2,2,14,30,3,1
cfg23_pressure_loop_high.txt,p2,9,2,2,13,28,3,0
cfg23_pressure_loop_high.txt,p3,9,2,2,12,26,3,0
cfg23_pressure_loop_high.txt,x0,6,1,1,1,2,3,0
cfg23_pressure_loop_high.txt,x1,6,1,1,1,2,3,0
cfg23_pressure_loop_high.txt,x2,6,1,1,1,2,3,0
cfg23_pressure_loop_high.txt,x3,6,1,1,1,2,3,0
cfg23_pressure_loop_high.txt,acc,9,2,2,13,28,4,1
cfg23_pressure_loop_high.txt,i,11,2,2,16,34,4,1
cfg23_pressure_loop_high.txt,p0,10,2,2,15,32,4,1
cfg23_pressure_loop_high.txt,p1,9,2,2,14,30,4,1
cfg23_pressure_loop_high.txt,p2,9,2,2,13,28,4,0
cfg23_pressure_loop_high.txt,p3,9,2,2,12,26,4,0
cfg23_pressure_loop_high.txt,x0,6,1,1,1,2,4,0
cfg23_pressure_loop_high.txt,x1,6,1,1,1,2,4,0
cfg23_pressure_loop_high.txt,x2,6,1,1,1,2,4,0
cfg23_pressure_loop_high.txt,x3,6,1,1,1,2,4,0
cfg23_pressure_loop_high.txt,acc,9,2,2,13,28,5,1
cfg23_pressure_loop_high.txt,i,11,2,2,16,34,5,1
cfg23_pressure_loop_high.txt,p0,10,2,2,15,32,5,1
cfg23_pressure_loop_high.txt,p1,9,2,2,14,30,5,1
cfg23_pressure_loop_high.txt,p2,9,2,2,13,28,5,1
cfg23_pressure_loop_high.txt,p3,9,2,2,12,26,5,0
cfg23_pressure_loop_high.txt,x0,6,1,1,1,2,5,0
cfg23_pressure_loop_high.txt,x1,6,1,1,1,2,5,0
cfg23_pressure_loop_high.txt,x2,6,1,1,1,2,5,0
cfg23_pressure_loop_high.txt,x3,6,1,1,1,2,5,0
cfg24_double_merge_high.txt,t0,7,3,3,19,60,1,0
cfg24_double_merge_high.txt,t1,8,2,2,19,40,1,0
cfg24_double_merge_high.txt,u0,4,2,2,5,12,1,0
cfg24_double_merge_high.txt,u1,2,1,1,7,8,1,1
cfg24_double_merge_high.txt,v0,9,4,4,22,92,1,1
cfg24_double_merge_high.txt,v1,7,4,4,16,68,1,0
cfg24_double_merge_high.txt,v2,7,4,4,19,80,1,0
cfg24_double_merge_high.txt,v3,3,2,2,3,8,1,0
cfg24_double_merge_high.txt,w0,5,3,3,7,24,1,0
cfg24_double_merge_high.txt,z0,1,1,1,1,2,1,1
cfg24_double_merge_high.txt,z1,0,1,1,1,2,1,1
cfg24_double_merge_high.txt,t0,7,3,3,19,60,2,0
cfg24_double_merge_high.txt,t1,8,2,2,19,40,2,1
cfg24_double_merge_high.txt,u0,4,2,2,5,12,2,0
cfg24_double_merge_high.txt,u1,2,1,1,7,8,2,1
cfg24_double_merge_high.txt,v0,9,4,4,22,92,2,1
cfg24_double_merge_high.txt,v1,7,4,4,16,68,2,0
cfg24_double_merge_high.txt,v2,7,4,4,19,80,2,0
cfg24_double_merge_high.txt,v3,3,2,2,3,8,2,1
cfg24_double_merge_high.txt,w0,5,3,3,7,24,2,0
cfg24_double_merge_high.txt,z0,1,1,1,1,2,2,1
cfg24_double_merge_high.txt,z1,0,1,1,1,2,2,1
cfg24_double_merge_high.txt,t0,7,3,3,19,60,3,0
cfg24_double_merge_high.txt,t1,8,2,2,19,40,3,1
cfg24_double_merge_high.txt,u0,4,2,2,5,12,3,0
cfg24_double_merge_high.txt,u1,2,1,1,7,8,3,1
cfg24_double_merge_high.txt,v0,9,4,4,22,92,3,1
cfg24_double_merge_high.txt,v1,7,4,4,16,68,3,0
cfg24_double_merge_high.txt,v2,7,4,4,19,80,3,1
cfg24_double_merge_high.txt,v3,3,2,2,3,8,3,1
cfg24_double_merge_high.txt,w0,5,3,3,7,24,3,0
cfg24_double_merge_high.txt,z0,1,1,1,1,2,3,1
cfg24_double_merge_high.txt,z1,0,1,1,1,2,3,1
cfg24_double_merge_high.txt,t0,7,3,3,19,60,4,0
cfg24_double_merge_high.txt,t1,8,2,2,19,40,4,1
cfg24_double_merge_high.txt,u0,4,2,2,5,12,4,1
cfg24_double_merge_high.txt,u1,2,1,1,7,8,4,1
cfg24_double_merge_high.txt,v0,9,4,4,22,92,4,1
cfg24_double_merge_high.txt,v1,7,4,4,16,68,4,1
cfg24_double_merge_high.txt,v2,7,4,4,19,80,4,1
cfg24_double_merge_high.txt,v3,3,2,2,3,8,4,1
cfg24_double_merge_high.txt,w0,5,3,3,7,24,4,0
cfg24_double_merge_high.txt,z0,1,1,1,1,2,4,1
cfg24_double_merge_high.txt,z1,0,1,1,1,2,4,1
cfg24_double_merge_high.txt,t0,7,3,3,19,60,5,1
cfg24_double_merge_high.txt,t1,8,2,2,19,40,5,1
cfg24_double_merge_high.txt,u0,4,2,2,5,12,5,1
cfg24_double_merge_high.txt,u1,2,1,1,7,8,5,1
cfg24_double_merge_high.txt,v0,9,4,4,22,92,5,1
cfg24_double_merge_high.txt,v1,7,4,4,16,68,5,1
cfg24_double_merge_high.txt,v2,7,4,4,19,80,5,1
cfg24_double_merge_high.txt,v3,3,2,2,3,8,5,1
cfg24_double_merge_high.txt,w0,5,3,3,7,24,5,0
cfg24_double_merge_high.txt,z0,1,1,1,1,2,5,1
cfg24_double_merge_high.txt,z1,0,1,1,1,2,5,1
cfg25_branch_pressure_high.txt,a0,14,4,4,19,80,1,1
cfg25_branch_pressure_high.txt,b0,14,4,4,19,80,1,0
cfg25_branch_pressure_high.txt,c0,14,3,3,19,60,1,0
cfg25_branch_pressure_high.txt,d0,8,3,3,11,36,1,0
cfg25_branch_pressure_high.txt,e0,7,2,2,9,20,1,0
cfg25_branch_pressure_high.txt,f0,8,2,2,8,18,1,0
cfg25_branch_pressure_high.txt,m0,3,1,1,1,2,1,0
cfg25_branch_pressure_high.txt,m1,2,1,1,1,2,1,1
cfg25_branch_pressure_high.txt,m2,1,1,1,1,2,1,1
cfg25_branch_pressure_high.txt,m3,0,1,1,1,2,1,1
cfg25_branch_pressure_high.txt,x0,5,1,1,1,2,1,0
cfg25_branch_pressure_high.txt,x1,4,1,1,1,2,1,0
cfg25_branch_pressure_high.txt,x2,9,1,1,19,20,1,0
cfg25_branch_pressure_high.txt,y0,5,1,1,1,2,1,0
cfg25_branch_pressure_high.txt,y1,4,1,1,1,2,1,0
cfg25_branch_pressure_high.txt,y2,9,1,1,19,20,1,0
cfg25_branch_pressure_high.txt,a0,14,4,4,19,80,2,1
cfg25_branch_pressure_high.txt,b0,14,4,4,19,80,2,1
cfg25_branch_pressure_high.txt,c0,14,3,3,19,60,2,0
cfg25_branch_pressure_high.txt,d0,8,3,3,11,36,2,0
cfg25_branch_pressure_high.txt,e0,7,2,2,9,20,2,0
cfg25_branch_pressure_high.txt,f0,8,2,2,8,18,2,0
cfg25_branch_pressure_high.txt,m0,3,1,1,1,2,2,0
cfg25_branch_pressure_high.txt,m1,2,1,1,1,2,2,1
cfg25_branch_pressure_high.txt,m2,1,1,1,1,2,2,1
cfg25_branch_pressure_high.txt,m3,0,1,1,1,2,2,1
cfg25_branch_pressure_high.txt,x0,5,1,1,1,2,2,0
cfg25_branch_pressure_high.txt,x1,4,1,1,1,2,2,0
cfg25_branch_pressure_high.txt,x2,9,1,1,19,20,2,0
cfg25_branch_pressure_high.txt,y0,5,1,1,1,2,2,0
cfg25_branch_pressure_high.txt,y1,4,1,1,1,2,2,0
cfg25_branch_pressure_high.txt,y2,9,1,1,19,20,2,0
cfg25_branch_pressure_high.txt,a0,14,4,4,19,80,3,1
cfg25_branch_pressure_high.txt,b0,14,4,4,19,80,3,1
cfg25_branch_pressure_high.txt,c0,14,3,3,19,60,3,1
cfg25_branch_pressure_high.txt,d0,8,3,3,11,36,3,0
cfg25_branch_pressure_high.txt,e0,7,2,2,9,20,3,0
cfg25_branch_pressure_high.txt,f0,8,2,2,8,18,3,0
cfg25_branch_pressure_high.txt,m0,3,1,1,1,2,3,0
cfg25_branch_pressure_high.txt,m1,2,1,1,1,2,3,1
cfg25_branch_pressure_high.txt,m2,1,1,1,1,2,3,1
cfg25_branch_pressure_high.txt,m3,0,1,1,1,2,3,1
cfg25_branch_pressure_high.txt,x0,5,1,1,1,2,3,0
cfg25_branch_pressure_high.txt,x1,4,1,1,1,2,3,0
cfg25_branch_pressure_high.txt,x2,9,1,1,19,20,3,0
cfg25_branch_pressure_high.txt,y0,5,1,1,1,2,3,0
cfg25_branch_pressure_high.txt,y1,4,1,1,1,2,3,0
cfg25_branch_pressure_high.txt,y2,9,1,1,19,20,3,0
cfg25_branch_pressure_high.txt,a0,14,4,4,19,80,4,1
cfg25_branch_pressure_high.txt,b0,14,4,4,19,80,4,1
cfg25_branch_pressure_high.txt,c0,14,3,3,19,60,4,1
cfg25_branch_pressure_high.txt,d0,8,3,3,11,36,4,0
cfg25_branch_pressure_high.txt,e0,7,2,2,9,20,4,0
cfg25_branch_pressure_high.txt,f0,8,2,2,8,18,4,0
cfg25_branch_pressure_high.txt,m0,3,1,1,1,2,4,1
cfg25_branch_pressure_high.txt,m1,2,1,1,1,2,4,1
cfg25_branch_pressure_high.txt,m2,1,1,1,1,2,4,1
cfg25_branch_pressure_high.txt,m3,0,1,1,1,2,4,1
cfg25_branch_pressure_high.txt,x0,5,1,1,1,2,4,1
cfg25_branch_pressure_high.txt,x1,4,1,1,1,2,4,1
cfg25_branch_pressure_high.txt,x2,9,1,1,19,20,4,1
cfg25_branch_pressure_high.txt,y0,5,1,1,1,2,4,0
cfg25_branch_pressure_high.txt,y1,4,1,1,1,2,4,0
cfg25_branch_pressure_high.txt,y2,9,1,1,19,20,4,0
cfg25_branch_pressure_high.txt,a0,14,4,4,19,80,5,1
cfg25_branch_pressure_high.txt,b0,14,4,4,19,80,5,1
cfg25_branch_pressure_high.txt,c0,14,3,3,19,60,5,1
cfg25_branch_pressure_high.txt,d0,8,3,3,11,36,5,0
cfg25_branch_pressure_high.txt,e0,7,2,2,9,20,5,0
cfg25_branch_pressure_high.txt,f0,8,2,2,8,18,5,0
cfg25_branch_pressure_high.txt,m0,3,1,1,1,2,5,1
cfg25_branch_pressure_high.txt,m1,2,1,1,1,2,5,1
cfg25_branch_pressure_high.txt,m2,1,1,1,1,2,5,1
cfg25_branch_pressure_high.txt,m3,0,1,1,1,2,5,1
cfg25_branch_pressure_high.txt,x0,5,1,1,1,2,5,1
cfg25_branch_pressure_high.txt,x1,4,1,1,1,2,5,1
cfg25_branch_pressure_high.txt,x2,9,1,1,19,20,5,1
cfg25_branch_pressure_high.txt,y0,5,1,1,1,2,5,1
cfg25_branch_pressure_high.txt,y1,4,1,1,1,2,5,1
cfg25_branch_pressure_high.txt,y2,9,1,1,19,20,5,1
cfg26_two_level_loop_high.txt,acc,8,2,2,21,44,1,0
cfg26_two_level_loop_high.txt,i,8,3,3,21,66,1,1
cfg26_two_level_loop_high.txt,j,8,3,3,20,63,1,0
cfg26_two_level_loop_high.txt,p0,7,2,2,18,38,1,0
cfg26_two_level_loop_high.txt,t0,7,1,1,9,10,1,0
cfg26_two_level_loop_high.txt,x0,6,1,1,1,2,1,0
cfg26_two_level_loop_high.txt,x1,6,1,1,1,2,1,0
cfg26_two_level_loop_high.txt,acc,8,2,2,21,44,2,0
cfg26_two_level_loop_high.txt,i,8,3,3,21,66,2,1
cfg26_two_level_loop_high.txt,j,8,3,3,20,63,2,1
cfg26_two_level_loop_high.txt,p0,7,2,2,18,38,2,0
cfg26_two_level_loop_high.txt,t0,7,1,1,9,10,2,0
cfg26_two_level_loop_high.txt,x0,6,1,1,1,2,2,0
cfg26_two_level_loop_high.txt,x1,6,1,1,1,2,2,0
cfg26_two_level_loop_high.txt,acc,8,2,2,21,44,3,1
cfg26_two_level_loop_high.txt,i,8,3,3,21,66,3,1
cfg26_two_level_loop_high.txt,j,8,3,3,20,63,3,1
cfg26_two_level_loop_high.txt,p0,7,2,2,18,38,3,0
cfg26_two_level_loop_high.txt,t0,7,1,1,9,10,3,0
cfg26_two_level_loop_high.txt,x0,6,1,1,1,2,3,0
cfg26_two_level_loop_high.txt,x1,6,1,1,1,2,3,0
cfg26_two_level_loop_high.txt,acc,8,2,2,21,44,4,1
cfg26_two_level_loop_high.txt,i,8,3,3,21,66,4,1
cfg26_two_level_loop_high.txt,j,8,3,3,20,63,4,1
cfg26_two_level_loop_high.txt,p0,7,2,2,18,38,4,1
cfg26_two_level_loop_high.txt,t0,7,1,1,9,10,4,0
cfg26_two_level_loop_high.txt,x0,6,1,1,1,2,4,0
cfg26_two_level_loop_high.txt,x1,6,1,1,1,2,4,0
cfg26_two_level_loop_high.txt,acc,8,2,2,21,44,5,1
cfg26_two_level_loop_high.txt,i,8,3,3,21,66,5,1
cfg26_two_level_loop_high.txt,j,8,3,3,20,63,5,1
cfg26_two_level_loop_high.txt,p0,7,2,2,18,38,5,1
cfg26_two_level_loop_high.txt,t0,7,1,1,9,10,5,1
cfg26_two_level_loop_high.txt,x0,6,1,1,1,2,5,0
cfg26_two_level_loop_high.txt,x1,6,1,1,1,2,5,0
cfg27_fanout_then_merge_high.txt,k,11,3,3,13,42,1,0
cfg27_fanout_then_merge_high.txt,m0,3,1,1,1,2,1,0
cfg27_fanout_then_merge_high.txt,m1,2,1,1,1,2,1,0
cfg27_fanout_then_merge_high.txt,m2,1,1,1,1,2,1,1
cfg27_fanout_then_merge_high.txt,m3,0,1,1,1,2,1,1
cfg27_fanout_then_merge_high.txt,p,12,4,4,17,72,1,1
cfg27_fanout_then_merge_high.txt,q,12,4,4,17,72,1,0
cfg27_fanout_then_merge_high.txt,r,10,3,3,14,45,1,0
cfg27_fanout_then_merge_high.txt,t0,5,1,1,1,2,1,0
cfg27_fanout_then_merge_high.txt,t1,5,1,1,1,2,1,0
cfg27_fanout_then_merge_high.txt,t2,7,1,1,17,18,1,0
cfg27_fanout_then_merge_high.txt,u0,5,1,1,1,2,1,0
cfg27_fanout_then_merge_high.txt,u1,5,1,1,1,2,1,0
cfg27_fanout_then_merge_high.txt,u2,7,1,1,17,18,1,0
cfg27_fanout_then_merge_high.txt,k,11,3,3,13,42,2,0
cfg27_fanout_then_merge_high.txt,m0,3,1,1,1,2,2,0
cfg27_fanout_then_merge_high.txt,m1,2,1,1,1,2,2,0
cfg27_fanout_then_merge_high.txt,m2,1,1,1,1,2,2,1
cfg27_fanout_then_merge_high.txt,m3,0,1,1,1,2,2,1
cfg27_fanout_then_merge_high.txt,p,12,4,4,17,72,2,1
cfg27_fanout_then_merge_high.txt,q,12,4,4,17,72,2,1
cfg27_fanout_then_merge_high.txt,r,10,3,3,14,45,2,0
cfg27_fanout_then_merge_high.txt,t0,5,1,1,1,2,2,0
cfg27_fanout_then_merge_high.txt,t1,5,1,1,1,2,2,0
cfg27_fanout_then_merge_high.txt,t2,7,1,1,17,18,2,0
cfg27_fanout_then_merge_high.txt,u0,5,1,1,1,2,2,0
cfg27_fanout_then_merge_high.txt,u1,5,1,1,1,2,2,0
cfg27_fanout_then_merge_high.txt,u2,7,1,1,17,18,2,0
cfg27_fanout_then_merge_high.txt,k,11,3,3,13,42,3,1
cfg27_fanout_then_merge_high.txt,m0,3,1,1,1,2,3,1
cfg27_fanout_then_merge_high.txt,m1,2,1,1,1,2,3,1
cfg27_fanout_then_merge_high.txt,m2,1,1,1,1,2,3,1
cfg27_fanout_then_merge_high.txt,m3,0,1,1,1,2,3,1
cfg27_fanout_then_merge_high.txt,p,12,4,4,17,72,3,1
cfg27_fanout_then_merge_high.txt,q,12,4,4,17,72,3,1
cfg27_fanout_then_merge_high.txt,r,10,3,3,14,45,3,0
cfg27_fanout_then_merge_high.txt,t0,5,1,1,1,2,3,0
cfg27_fanout_then_merge_high.txt,t1,5,1,1,1,2,3,0
cfg27_fanout_then_merge_high.txt,t2,7,1,1,17,18,3,0
cfg27_fanout_then_merge_high.txt,u0,5,1,1,1,2,3,0
cfg27_fanout_then_merge_high.txt,u1,5,1,1,1,2,3,0
cfg27_fanout_then_merge_high.txt,u2,7,1,1,17,18,3,0
cfg27_fanout_then_merge_high.txt,k,11,3,3,13,42,4,1
cfg27_fanout_then_merge_high.txt,m0,3,1,1,1,2,4,1
cfg27_fanout_then_merge_high.txt,m1,2,1,1,1,2,4,1
cfg27_fanout_then_merge_high.txt,m2,1,1,1,1,2,4,1
cfg27_fanout_then_merge_high.txt,m3,0,1,1,1,2,4,1
cfg27_fanout_then_merge_high.txt,p,12,4,4,17,72,4,1
cfg27_fanout_then_merge_high.txt,q,12,4,4,17,72,4,1
cfg27_fanout_then_merge_high.txt,r,10,3,3,14,45,4,1
cfg27_fanout_then_merge_high.txt,t0,5,1,1,1,2,4,0
cfg27_fanout_then_merge_high.txt,t1,5,1,1,1,2,4,0
cfg27_fanout_then_merge_high.txt,t2,7,1,1,17,18,4,0
cfg27_fanout_then_merge_high.txt,u0,5,1,1,1,2,4,0
cfg27_fanout_then_merge_high.txt,u1,5,1,1,1,2,4,0
cfg27_fanout_then_merge_high.txt,u2,7,1,1,17,18,4,0
cfg27_fanout_then_merge_high.txt,k,11,3,3,13,42,5,1
cfg27_fanout_then_merge_high.txt,m0,3,1,1,1,2,5,1
cfg27_fanout_then_merge_high.txt,m1,2,1,1,1,2,5,1
cfg27_fanout_then_merge_high.txt,m2,1,1,1,1,2,5,1
cfg27_fanout_then_merge_high.txt,m3,0,1,1,1,2,5,1
cfg27_fanout_then_merge_high.txt,p,12,4,4,17,72,5,1
cfg27_fanout_then_merge_high.txt,q,12,4,4,17,72,5,1
cfg27_fanout_then_merge_high.txt,r,10,3,3,14,45,5,1
cfg27_fanout_then_merge_high.txt,t0,5,1,1,1,2,5,1
cfg27_fanout_then_merge_high.txt,t1,5,1,1,1,2,5,1
cfg27_fanout_then_merge_high.txt,t2,7,1,1,17,18,5,1
cfg27_fanout_then_merge_high.txt,u0,5,1,1,1,2,5,0
cfg27_fanout_then_merge_high.txt,u1,5,1,1,1,2,5,0
cfg27_fanout_then_merge_high.txt,u2,7,1,1,17,18,5,0
cfg28_loop_with_branch_high.txt,acc,7,2,2,21,44,1,0
cfg28_loop_with_branch_high.txt,base0,8,2,2,21,44,1,0
cfg28_loop_with_branch_high.txt,base1,7,2,2,20,42,1,0
cfg28_loop_with_branch_high.txt,i,9,4,4,22,92,1,1
cfg28_loop_with_branch_high.txt,t0,6,3,3,9,30,1,0
cfg28_loop_with_branch_high.txt,t1,5,2,2,7,16,1,0
cfg28_loop_with_branch_high.txt,x0,5,2,2,5,12,1,0
cfg28_loop_with_branch_high.txt,x1,4,1,1,7,8,1,0
cfg28_loop_with_branch_high.txt,acc,7,2,2,21,44,2,0
cfg28_loop_with_branch_high.txt,base0,8,2,2,21,44,2,1
cfg28_loop_with_branch_high.txt,base1,7,2,2,20,42,2,0
cfg28_loop_with_branch_high.txt,i,9,4,4,22,92,2,1
cfg28_loop_with_branch_high.txt,t0,6,3,3,9,30,2,0
cfg28_loop_with_branch_high.txt,t1,5,2,2,7,16,2,0
cfg28_loop_with_branch_high.txt,x0,5,2,2,5,12,2,0
cfg28_loop_with_branch_high.txt,x1,4,1,1,7,8,2,0
cfg28_loop_with_branch_high.txt,acc,7,2,2,21,44,3,1
cfg28_loop_with_branch_high.txt,base0,8,2,2,21,44,3,1
cfg28_loop_with_branch_high.txt,base1,7,2,2,20,42,3,0
cfg28_loop_with_branch_high.txt,i,9,4,4,22,92,3,1
cfg28_loop_with_branch_high.txt,t0,6,3,3,9,30,3,0
cfg28_loop_with_branch_high.txt,t1,5,2,2,7,16,3,0
cfg28_loop_with_branch_high.txt,x0,5,2,2,5,12,3,0
cfg28_loop_with_branch_high.txt,x1,4,1,1,7,8,3,0
cfg28_loop_with_branch_high.txt,acc,7,2,2,21,44,4,1
cfg28_loop_with_branch_high.txt,base0,8,2,2,21,44,4,1
cfg28_loop_with_branch_high.txt,base1,7,2,2,20,42,4,1
cfg28_loop_with_branch_high.txt,i,9,4,4,22,92,4,1
cfg28_loop_with_branch_high.txt,t0,6,3,3,9,30,4,0
cfg28_loop_with_branch_high.txt,t1,5,2,2,7,16,4,0
cfg28_loop_with_branch_high.txt,x0,5,2,2,5,12,4,0
cfg28_loop_with_branch_high.txt,x1,4,1,1,7,8,4,0
cfg28_loop_with_branch_high.txt,acc,7,2,2,21,44,5,1
cfg28_loop_with_branch_high.txt,base0,8,2,2,21,44,5,1
cfg28_loop_with_branch_high.txt,base1,7,2,2,20,42,5,1
cfg28_loop_with_branch_high.txt,i,9,4,4,22,92,5,1
cfg28_loop_with_branch_high.txt,t0,6,3,3,9,30,5,1
cfg28_loop_with_branch_high.txt,t1,5,2,2,7,16,5,0
cfg28_loop_with_branch_high.txt,x0,5,2,2,5,12,5,0
cfg28_loop_with_branch_high.txt,x1,4,1,1,7,8,5,1
cfg29_many_defs_late_use_high.txt,sum,2,3,3,3,12,1,0
cfg29_many_defs_late_use_high.txt,t0,11,1,1,4,5,1,0
cfg29_many_defs_late_use_high.txt,t1,9,1,1,3,4,1,0
cfg29_many_defs_late_use_high.txt,t2,8,1,1,3,4,1,0
cfg29_many_defs_late_use_high.txt,t3,6,1,1,2,3,1,0
cfg29_many_defs_late_use_high.txt,t4,5,1,1,2,3,1,0
cfg29_many_defs_late_use_high.txt,t5,3,1,1,1,2,1,0
cfg29_many_defs_late_use_high.txt,v0,18,2,2,17,36,1,1
cfg29_many_defs_late_use_high.txt,v1,12,1,1,9,10,1,0
cfg29_many_defs_late_use_high.txt,v2,12,1,1,9,10,1,0
cfg29_many_defs_late_use_high.txt,v3,10,1,1,6,7,1,0
cfg29_many_defs_late_use_high.txt,v4,11,1,1,6,7,1,0
cfg29_many_defs_late_use_high.txt,v5,11,1,1,6,7,1,0
cfg29_many_defs_late_use_high.txt,v6,12,1,1,6,7,1,0
cfg29_many_defs_late_use_high.txt,v7,12,1,1,5,6,1,0
cfg29_many_defs_late_use_high.txt,v8,15,1,1,8,9,1,0
cfg29_many_defs_late_use_high.txt,sum,2,3,3,3,12,2,0
cfg29_many_defs_late_use_high.txt,t0,11,1,1,4,5,2,0
cfg29_many_defs_late_use_high.txt,t1,9,1,1,3,4,2,0
cfg29_many_defs_late_use_high.txt,t2,8,1,1,3,4,2,0
cfg29_many_defs_late_use_high.txt,t3,6,1,1,2,3,2,0
cfg29_many_defs_late_use_high.txt,t4,5,1,1,2,3,2,0
cfg29_many_defs_late_use_high.txt,t5,3,1,1,1,2,2,0
cfg29_many_defs_late_use_high.txt,v0,18,2,2,17,36,2,1
cfg29_many_defs_late_use_high.txt,v1,12,1,1,9,10,2,0
cfg29_many_defs_late_use_high.txt,v2,12,1,1,9,10,2,0
cfg29_many_defs_late_use_high.txt,v3,10,1,1,6,7,2,0
cfg29_many_defs_late_use_high.txt,v4,11,1,1,6,7,2,0
cfg29_many_defs_late_use_high.txt,v5,11,1,1,6,7,2,0
cfg29_many_defs_late_use_high.txt,v6,12,1,1,6,7,2,0
cfg29_many_defs_late_use_high.txt,v7,12,1,1,5,6,2,0
cfg29_many_defs_late_use_high.txt,v8,15,1,1,8,9,2,1
cfg29_many_defs_late_use_high.txt,sum,2,3,3,3,12,3,1
cfg29_many_defs_late_use_high.txt,t0,11,1,1,4,5,3,0
cfg29_many_defs_late_use_high.txt,t1,9,1,1,3,4,3,1
cfg29_many_defs_late_use_high.txt,t2,8,1,1,3,4,3,0
cfg29_many_defs_late_use_high.txt,t3,6,1,1,2,3,3,0
cfg29_many_defs_late_use_high.txt,t4,5,1,1,2,3,3,1
cfg29_many_defs_late_use_high.txt,t5,3,1,1,1,2,3,0
cfg29_many_defs_late_use_high.txt,v0,18,2,2,17,36,3,1
cfg29_many_defs_late_use_high.txt,v1,12,1,1,9,10,3,1
cfg29_many_defs_late_use_high.txt,v2,12,1,1,9,10,3,0
cfg29_many_defs_late_use_high.txt,v3,10,1,1,6,7,3,0
cfg29_many_defs_late_use_high.txt,v4,11,1,1,6,7,3,0
cfg29_many_defs_late_use_high.txt,v5,11,1,1,6,7,3,0
cfg29_many_defs_late_use_high.txt,v6,12,1,1,6,7,3,0
cfg29_many_defs_late_use_high.txt,v7,12,1,1,5,6,3,0
cfg29_many_defs_late_use_high.txt,v8,15,1,1,8,9,3,1
cfg29_many_defs_late_use_high.txt,sum,2,3,3,3,12,4,1
cfg29_many_defs_late_use_high.txt,t0,11,1,1,4,5,4,0
cfg29_many_defs_late_use_high.txt,t1,9,1,1,3,4,4,1
cfg29_many_defs_late_use_high.txt,t2,8,1,1,3,4,4,1
cfg29_many_defs_late_use_high.txt,t3,6,1,1,2,3,4,0
cfg29_many_defs_late_use_high.txt,t4,5,1,1,2,3,4,1
cfg29_many_defs_late_use_high.txt,t5,3,1,1,1,2,4,1
cfg29_many_defs_late_use_high.txt,v0,18,2,2,17,36,4,1
cfg29_many_defs_late_use_high.txt,v1,12,1,1,9,10,4,1
cfg29_many_defs_late_use_high.txt,v2,12,1,1,9,10,4,1
cfg29_many_defs_late_use_high.txt,v3,10,1,1,6,7,4,0
cfg29_many_defs_late_use_high.txt,v4,11,1,1,6,7,4,0
cfg29_many_defs_late_use_high.txt,v5,11,1,1,6,7,4,0
cfg29_many_defs_late_use_high.txt,v6,12,1,1,6,7,4,0
cfg29_many_defs_late_use_high.txt,v7,12,1,1,5,6,4,0
cfg29_many_defs_late_use_high.txt,v8,15,1,1,8,9,4,1
cfg29_many_defs_late_use_high.txt,sum,2,3,3,3,12,5,1
cfg29_many_defs_late_use_high.txt,t0,11,1,1,4,5,5,0
cfg29_many_defs_late_use_high.txt,t1,9,1,1,3,4,5,1
cfg29_many_defs_late_use_high.txt,t2,8,1,1,3,4,5,1
cfg29_many_defs_late_use_high.txt,t3,6,1,1,2,3,5,1
cfg29_many_defs_late_use_high.txt,t4,5,1,1,2,3,5,1
cfg29_many_defs_late_use_high.txt,t5,3,1,1,1,2,5,1
cfg29_many_defs_late_use_high.txt,v0,18,2,2,17,36,5,1
cfg29_many_defs_late_use_high.txt,v1,12,1,1,9,10,5,1
cfg29_many_defs_late_use_high.txt,v2,12,1,1,9,10,5,1
cfg29_many_defs_late_use_high.txt,v3,10,1,1,6,7,5,0
cfg29_many_defs_late_use_high.txt,v4,11,1,1,6,7,5,0
cfg29_many_defs_late_use_high.txt,v5,11,1,1,6,7,5,0
cfg29_many_defs_late_use_high.txt,v6,12,1,1,6,7,5,1
cfg29_many_defs_late_use_high.txt,v7,12,1,1,5,6,5,0
cfg29_many_defs_late_use_high.txt,v8,15,1,1,8,9,5,1
cfg30_branch_loop_stress_high.txt,acc,8,2,2,22,46,1,0
cfg30_branch_loop_stress_high.txt,i,10,4,4,23,96,1,1
cfg30_branch_loop_stress_high.txt,p0,9,2,2,22,46,1,0
cfg30_branch_loop_stress_high.txt,p1,8,2,2,21,44,1,0
cfg30_branch_loop_stress_high.txt,t0,7,2,2,10,22,1,0
cfg30_branch_loop_stress_high.txt,t1,7,2,2,5,12,1,0
cfg30_branch_loop_stress_high.txt,t2,6,3,3,7,24,1,0
cfg30_branch_loop_stress_high.txt,x0,6,2,2,5,12,1,0
cfg30_branch_loop_stress_high.txt,x1,4,1,1,7,8,1,0
cfg30_branch_loop_stress_high.txt,acc,8,2,2,22,46,2,0
cfg30_branch_loop_stress_high.txt,i,10,4,4,23,96,2,1
cfg30_branch_loop_stress_high.txt,p0,9,2,2,22,46,2,1
cfg30_branch_loop_stress_high.txt,p1,8,2,2,21,44,2,0
cfg30_branch_loop_stress_high.txt,t0,7,2,2,10,22,2,0
cfg30_branch_loop_stress_high.txt,t1,7,2,2,5,12,2,0
cfg30_branch_loop_stress_high.txt,t2,6,3,3,7,24,2,0
cfg30_branch_loop_stress_high.txt,x0,6,2,2,5,12,2,0
cfg30_branch_loop_stress_high.txt,x1,4,1,1,7,8,2,0
cfg30_branch_loop_stress_high.txt,acc,8,2,2,22,46,3,1
cfg30_branch_loop_stress_high.txt,i,10,4,4,23,96,3,1
cfg30_branch_loop_stress_high.txt,p0,9,2,2,22,46,3,1
cfg30_branch_loop_stress_high.txt,p1,8,2,2,21,44,3,0
cfg30_branch_loop_stress_high.txt,t0,7,2,2,10,22,3,0
cfg30_branch_loop_stress_high.txt,t1,7,2,2,5,12,3,0
cfg30_branch_loop_stress_high.txt,t2,6,3,3,7,24,3,0
cfg30_branch_loop_stress_high.txt,x0,6,2,2,5,12,3,0
cfg30_branch_loop_stress_high.txt,x1,4,1,1,7,8,3,0
cfg30_branch_loop_stress_high.txt,acc,8,2,2,22,46,4,1
cfg30_branch_loop_stress_high.txt,i,10,4,4,23,96,4,1
cfg30_branch_loop_stress_high.txt,p0,9,2,2,22,46,4,1
cfg30_branch_loop_stress_high.txt,p1,8,2,2,21,44,4,1
cfg30_branch_loop_stress_high.txt,t0,7,2,2,10,22,4,0
cfg30_branch_loop_stress_high.txt,t1,7,2,2,5,12,4,0
cfg30_branch_loop_stress_high.txt,t2,6,3,3,7,24,4,0
cfg30_branch_loop_stress_high.txt,x0,6,2,2,5,12,4,0
cfg30_branch_loop_stress_high.txt,x1,4,1,1,7,8,4,0
cfg30_branch_loop_stress_high.txt,acc,8,2,2,22,46,5,1
cfg30_branch_loop_stress_high.txt,i,10,4,4,23,96,5,1
cfg30_branch_loop_stress_high.txt,p0,9,2,2,22,46,5,1
cfg30_branch_loop_stress_high.txt,p1,8,2,2,21,44,5,1
cfg30_branch_loop_stress_high.txt,t0,7,2,2,10,22,5,1
cfg30_branch_loop_stress_high.txt,t1,7,2,2,5,12,5,0
cfg30_branch_loop_stress_high.txt,t2,6,3,3,7,24,5,0
cfg30_branch_loop_stress_high.txt,x0,6,2,2,5,12,5,0
cfg30_branch_loop_stress_high.txt,x1,4,1,1,7,8,5,1
p01_chain.c,ret,0,0,0,0,0,1,1
p01_chain.c,t0,0,1,1,1,2,1,1
p01_chain.c,t1,0,1,1,1,2,1,1
p01_chain.c,t2,2,2,2,3,8,1,1
p01_chain.c,t3,1,1,1,1,2,1,0
p01_chain.c,t4,1,1,1,1,2,1,0
p01_chain.c,ret,0,0,0,0,0,2,1
p01_chain.c,t0,0,1,1,1,2,2,1
p01_chain.c,t1,0,1,1,1,2,2,1
p01_chain.c,t2,2,2,2,3,8,2,1
p01_chain.c,t3,1,1,1,1,2,2,1
p01_chain.c,t4,1,1,1,1,2,2,1
p01_chain.c,ret,0,0,0,0,0,3,1
p01_chain.c,t0,0,1,1,1,2,3,1
p01_chain.c,t1,0,1,1,1,2,3,1
p01_chain.c,t2,2,2,2,3,8,3,1
p01_chain.c,t3,1,1,1,1,2,3,1
p01_chain.c,t4,1,1,1,1,2,3,1
p01_chain.c,ret,0,0,0,0,0,4,1
p01_chain.c,t0,0,1,1,1,2,4,1
p01_chain.c,t1,0,1,1,1,2,4,1
p01_chain.c,t2,2,2,2,3,8,4,1
p01_chain.c,t3,1,1,1,1,2,4,1
p01_chain.c,t4,1,1,1,1,2,4,1
p01_chain.c,ret,0,0,0,0,0,5,1
p01_chain.c,t0,0,1,1,1,2,5,1
p01_chain.c,t1,0,1,1,1,2,5,1
p01_chain.c,t2,2,2,2,3,8,5,1
p01_chain.c,t3,1,1,1,1,2,5,1
p01_chain.c,t4,1,1,1,1,2,5,1
p02_many_temps.c,ret,0,0,0,0,0,1,1
p02_many_temps.c,t0,7,2,2,6,14,1,1
p02_many_temps.c,t1,5,1,1,3,4,1,0
p02_many_temps.c,t2,5,1,1,3,4,1,0
p02_many_temps.c,t3,4,1,1,2,3,1,0
p02_many_temps.c,t4,4,1,1,2,3,1,0
p02_many_temps.c,t5,2,1,1,1,2,1,0
p02_many_temps.c,ret,0,0,0,0,0,2,1
p02_many_temps.c,t0,7,2,2,6,14,2,1
p02_many_temps.c,t1,5,1,1,3,4,2,1
p02_many_temps.c,t2,5,1,1,3,4,2,0
p02_many_temps.c,t3,4,1,1,2,3,2,0
p02_many_temps.c,t4,4,1,1,2,3,2,1
p02_many_temps.c,t5,2,1,1,1,2,2,0
p02_many_temps.c,ret,0,0,0,0,0,3,1
p02_many_temps.c,t0,7,2,2,6,14,3,1
p02_many_temps.c,t1,5,1,1,3,4,3,1
p02_many_temps.c,t2,5,1,1,3,4,3,1
p02_many_temps.c,t3,4,1,1,2,3,3,0
p02_many_temps.c,t4,4,1,1,2,3,3,1
p02_many_temps.c,t5,2,1,1,1,2,3,1
p02_many_temps.c,ret,0,0,0,0,0,4,1
p02_many_temps.c,t0,7,2,2,6,14,4,1
p02_many_temps.c,t1,5,1,1,3,4,4,1
p02_many_temps.c,t2,5,1,1,3,4,4,1
p02_many_temps.c,t3,4,1,1,2,3,4,1
p02_many_temps.c,t4,4,1,1,2,3,4,1
p02_many_temps.c,t5,2,1,1,1,2,4,1
p02_many_temps.c,ret,0,0,0,0,0,5,1
p02_many_temps.c,t0,7,2,2,6,14,5,1
p02_many_temps.c,t1,5,1,1,3,4,5,1
p02_many_temps.c,t2,5,1,1,3,4,5,1
p02_many_temps.c,t3,4,1,1,2,3,5,1
p02_many_temps.c,t4,4,1,1,2,3,5,1
p02_many_temps.c,t5,2,1,1,1,2,5,1
p03_reuse_heavy.c,hot,4,5,5,5,30,1,1
p03_reuse_heavy.c,ret,0,0,0,0,0,1,1
p03_reuse_heavy.c,w,4,1,1,1,2,1,0
p03_reuse_heavy.c,x,4,1,1,4,5,1,0
p03_reuse_heavy.c,y,4,1,1,3,4,1,0
p03_reuse_heavy.c,z,4,1,1,2,3,1,0
p03_reuse_heavy.c,hot,4,5,5,5,30,2,1
p03_reuse_heavy.c,ret,0,0,0,0,0,2,1
p03_reuse_heavy.c,w,4,1,1,1,2,2,0
p03_reuse_heavy.c,x,4,1,1,4,5,2,1
p03_reuse_heavy.c,y,4,1,1,3,4,2,0
p03_reuse_heavy.c,z,4,1,1,2,3,2,0
p03_reuse_heavy.c,hot,4,5,5,5,30,3,1
p03_reuse_heavy.c,ret,0,0,0,0,0,3,1
p03_reuse_heavy.c,w,4,1,1,1,2,3,0
p03_reuse_heavy.c,x,4,1,1,4,5,3,1
p03_reuse_heavy.c,y,4,1,1,3,4,3,1
p03_reuse_heavy.c,z,4,1,1,2,3,3,0
p03_reuse_heavy.c,hot,4,5,5,5,30,4,1
p03_reuse_heavy.c,ret,0,0,0,0,0,4,1
p03_reuse_heavy.c,w,4,1,1,1,2,4,0
p03_reuse_heavy.c,x,4,1,1,4,5,4,1
p03_reuse_heavy.c,y,4,1,1,3,4,4,1
p03_reuse_heavy.c,z,4,1,1,2,3,4,1
p03_reuse_heavy.c,hot,4,5,5,5,30,5,1
p03_reuse_heavy.c,ret,0,0,0,0,0,5,1
p03_reuse_heavy.c,w,4,1,1,1,2,5,1
p03_reuse_heavy.c,x,4,1,1,4,5,5,1
p03_reuse_heavy.c,y,4,1,1,3,4,5,1
p03_reuse_heavy.c,z,4,1,1,2,3,5,1
p04_two_long_lived.c,A,7,3,3,7,24,1,1
p04_two_long_lived.c,B,6,3,3,6,21,1,0
p04_two_long_lived.c,ret,0,0,0,0,0,1,1
p04_two_long_lived.c,t0,3,1,1,2,3,1,0
p04_two_long_lived.c,t1,3,1,1,1,2,1,0
p04_two_long_lived.c,t2,2,1,1,1,2,1,0
p04_two_long_lived.c,t3,2,1,1,1,2,1,0
p04_two_long_lived.c,t4,2,1,1,1,2,1,0
p04_two_long_lived.c,A,7,3,3,7,24,2,1
p04_two_long_lived.c,B,6,3,3,6,21,2,1
p04_two_long_lived.c,ret,0,0,0,0,0,2,1
p04_two_long_lived.c,t0,3,1,1,2,3,2,0
p04_two_long_lived.c,t1,3,1,1,1,2,2,0
p04_two_long_lived.c,t2,2,1,1,1,2,2,0
p04_two_long_lived.c,t3,2,1,1,1,2,2,0
p04_two_long_lived.c,t4,2,1,1,1,2,2,0
p04_two_long_lived.c,A,7,3,3,7,24,3,1
p04_two_long_lived.c,B,6,3,3,6,21,3,1
p04_two_long_lived.c,ret,0,0,0,0,0,3,1
p04_two_long_lived.c,t0,3,1,1,2,3,3,1
p04_two_long_lived.c,t1,3,1,1,1,2,3,0
p04_two_long_lived.c,t2,2,1,1,1,2,3,1
p04_two_long_lived.c,t3,2,1,1,1,2,3,1
p04_two_long_lived.c,t4,2,1,1,1,2,3,1
p04_two_long_lived.c,A,7,3,3,7,24,4,1
p04_two_long_lived.c,B,6,3,3,6,21,4,1
p04_two_long_lived.c,ret,0,0,0,0,0,4,1
p04_two_long_lived.c,t0,3,1,1,2,3,4,1
p04_two_long_lived.c,t1,3,1,1,1,2,4,1
p04_two_long_lived.c,t2,2,1,1,1,2,4,1
p04_two_long_lived.c,t3,2,1,1,1,2,4,1
p04_two_long_lived.c,t4,2,1,1,1,2,4,1
p04_two_long_lived.c,A,7,3,3,7,24,5,1
p04_two_long_lived.c,B,6,3,3,6,21,5,1
p04_two_long_lived.c,ret,0,0,0,0,0,5,1
p04_two_long_lived.c,t0,3,1,1,2,3,5,1
p04_two_long_lived.c,t1,3,1,1,1,2,5,1
p04_two_long_lived.c,t2,2,1,1,1,2,5,1
p04_two_long_lived.c,t3,2,1,1,1,2,5,1
p04_two_long_lived.c,t4,2,1,1,1,2,5,1
p05_branch_merge.c,base,2,2,2,2,6,1,1
p05_branch_merge.c,ret,0,0,0,0,0,1,1
p05_branch_merge.c,y,1,1,1,1,2,1,0
p05_branch_merge.c,base,2,2,2,2,6,2,1
p05_branch_merge.c,ret,0,0,0,0,0,2,1
p05_branch_merge.c,y,1,1,1,1,2,2,1
p05_branch_merge.c,base,2,2,2,2,6,3,1
p05_branch_merge.c,ret,0,0,0,0,0,3,1
p05_branch_merge.c,y,1,1,1,1,2,3,1
p05_branch_merge.c,base,2,2,2,2,6,4,1
p05_branch_merge.c,ret,0,0,0,0,0,4,1
p05_branch_merge.c,y,1,1,1,1,2,4,1
p05_branch_merge.c,base,2,2,2,2,6,5,1
p05_branch_merge.c,ret,0,0,0,0,0,5,1
p05_branch_merge.c,y,1,1,1,1,2,5,1
p06_pressure_peak.c,ret,0,0,0,0,0,1,1
p06_pressure_peak.c,sum,0,1,1,1,2,1,1
p06_pressure_peak.c,v0,7,3,3,6,21,1,1
p06_pressure_peak.c,v1,6,3,3,5,18,1,0
p06_pressure_peak.c,v2,5,3,3,4,15,1,0
p06_pressure_peak.c,v3,5,1,1,3,4,1,0
p06_pressure_peak.c,v4,5,1,1,2,3,1,0
p06_pressure_peak.c,v5,5,1,1,1,2,1,0
p06_pressure_peak.c,ret,0,0,0,0,0,2,1
p06_pressure_peak.c,sum,0,1,1,1,2,2,1
p06_pressure_peak.c,v0,7,3,3,6,21,2,1
p06_pressure_peak.c,v1,6,3,3,5,18,2,1
p06_pressure_peak.c,v2,5,3,3,4,15,2,0
p06_pressure_peak.c,v3,5,1,1,3,4,2,0
p06_pressure_peak.c,v4,5,1,1,2,3,2,0
p06_pressure_peak.c,v5,5,1,1,1,2,2,0
p06_pressure_peak.c,ret,0,0,0,0,0,3,1
p06_pressure_peak.c,sum,0,1,1,1,2,3,1
p06_pressure_peak.c,v0,7,3,3,6,21,3,1
p06_pressure_peak.c,v1,6,3,3,5,18,3,1
p06_pressure_peak.c,v2,5,3,3,4,15,3,1
p06_pressure_peak.c,v3,5,1,1,3,4,3,0
p06_pressure_peak.c,v4,5,1,1,2,3,3,0
p06_pressure_peak.c,v5,5,1,1,1,2,3,0
p06_pressure_peak.c,ret,0,0,0,0,0,4,1
p06_pressure_peak.c,sum,0,1,1,1,2,4,1
p06_pressure_peak.c,v0,7,3,3,6,21,4,1
p06_pressure_peak.c,v1,6,3,3,5,18,4,1
p06_pressure_peak.c,v2,5,3,3,4,15,4,1
p06_pressure_peak.c,v3,5,1,1,3,4,4,1
p06_pressure_peak.c,v4,5,1,1,2,3,4,0
p06_pressure_peak.c,v5,5,1,1,1,2,4,0
p06_pressure_peak.c,ret,0,0,0,0,0,5,1
p06_pressure_peak.c,sum,0,1,1,1,2,5,1
p06_pressure_peak.c,v0,7,3,3,6,21,5,1
p06_pressure_peak.c,v1,6,3,3,5,18,5,1
p06_pressure_peak.c,v2,5,3,3,4,15,5,1
p06_pressure_peak.c,v3,5,1,1,3,4,5,1
p06_pressure_peak.c,v4,5,1,1,2,3,5,1
p06_pressure_peak.c,v5,5,1,1,1,2,5,0
p07_short.c,ret,0,0,0,0,0,1,1
p07_short.c,x,2,1,1,2,3,1,1
p07_short.c,y,1,1,1,1,2,1,0
p07_short.c,ret,0,0,0,0,0,2,1
p07_short.c,x,2,1,1,2,3,2,1
p07_short.c,y,1,1,1,1,2,2,1
p07_short.c,ret,0,0,0,0,0,3,1
p07_short.c,x,2,1,1,2,3,3,1
p07_short.c,y,1,1,1,1,2,3,1
p07_short.c,ret,0,0,0,0,0,4,1
p07_short.c,x,2,1,1,2,3,4,1
p07_short.c,y,1,1,1,1,2,4,1
p07_short.c,ret,0,0,0,0,0,5,1
p07_short.c,x,2,1,1,2,3,5,1
p07_short.c,y,1,1,1,1,2,5,1
p08_independant.c,ret,0,0,0,0,0,1,1
p08_independant.c,w,1,1,1,1,2,1,1
p08_independant.c,x,4,1,1,3,4,1,1
p08_independant.c,y,3,1,1,2,3,1,0
p08_independant.c,z,3,1,1,2,3,1,0
p08_independant.c,ret,0,0,0,0,0,2,1
p08_independant.c,w,1,1,1,1,2,2,1
p08_independant.c,x,4,1,1,3,4,2,1
p08_independant.c,y,3,1,1,2,3,2,1
p08_independant.c,z,3,1,1,2,3,2,0
p08_independant.c,ret,0,0,0,0,0,3,1
p08_independant.c,w,1,1,1,1,2,3,1
p08_independant.c,x,4,1,1,3,4,3,1
p08_independant.c,y,3,1,1,2,3,3,1
p08_independant.c,z,3,1,1,2,3,3,1
p08_independant.c,ret,0,0,0,0,0,4,1
p08_independant.c,w,1,1,1,1,2,4,1
p08_independant.c,x,4,1,1,3,4,4,1
p08_independant.c,y,3,1,1,2,3,4,1
p08_independant.c,z,3,1,1,2,3,4,1
p08_independant.c,ret,0,0,0,0,0,5,1
p08_independant.c,w,1,1,1,1,2,5,1
p08_independant.c,x,4,1,1,3,4,5,1
p08_independant.c,y,3,1,1,2,3,5,1
p08_independant.c,z,3,1,1,2,3,5,1
p09_diamond_linear.c,ret,0,0,0,0,0,1,1
p09_diamond_linear.c,w,0,1,1,1,2,1,1
p09_diamond_linear.c,x,1,2,2,2,6,1,0
p09_diamond_linear.c,y,2,1,1,2,3,1,1
p09_diamond_linear.c,z,1,1,1,1,2,1,0
p09_diamond_linear.c,ret,0,0,0,0,0,2,1
p09_diamond_linear.c,w,0,1,1,1,2,2,1
p09_diamond_linear.c,x,1,2,2,2,6,2,1
p09_diamond_linear.c,y,2,1,1,2,3,2,1
p09_diamond_linear.c,z,1,1,1,1,2,2,1
p09_diamond_linear.c,ret,0,0,0,0,0,3,1
p09_diamond_linear.c,w,0,1,1,1,2,3,1
p09_diamond_linear.c,x,1,2,2,2,6,3,1
p09_diamond_linear.c,y,2,1,1,2,3,3,1
p09_diamond_linear.c,z,1,1,1,1,2,3,1
p09_diamond_linear.c,ret,0,0,0,0,0,4,1
p09_diamond_linear.c,w,0,1,1,1,2,4,1
p09_diamond_linear.c,x,1,2,2,2,6,4,1
p09_diamond_linear.c,y,2,1,1,2,3,4,1
p09_diamond_linear.c,z,1,1,1,1,2,4,1
p09_diamond_linear.c,ret,0,0,0,0,0,5,1
p09_diamond_linear.c,w,0,1,1,1,2,5,1
p09_diamond_linear.c,x,1,2,2,2,6,5,1
p09_diamond_linear.c,y,2,1,1,2,3,5,1
p09_diamond_linear.c,z,1,1,1,1,2,5,1
p10_balanced.c,ret,0,0,0,0,0,1,1
p10_balanced.c,u,3,1,1,2,3,1,1
p10_balanced.c,v,1,1,1,1,2,1,0
p10_balanced.c,x,4,2,2,3,8,1,1
p10_balanced.c,y,3,2,2,3,8,1,0
p10_balanced.c,z,3,2,2,2,6,1,0
p10_balanced.c,ret,0,0,0,0,0,2,1
p10_balanced.c,u,3,1,1,2,3,2,1
p10_balanced.c,v,1,1,1,1,2,2,1
p10_balanced.c,x,4,2,2,3,8,2,1
p10_balanced.c,y,3,2,2,3,8,2,1
p10_balanced.c,z,3,2,2,2,6,2,0
p10_balanced.c,ret,0,0,0,0,0,3,1
p10_balanced.c,u,3,1,1,2,3,3,1
p10_balanced.c,v,1,1,1,1,2,3,1
p10_balanced.c,x,4,2,2,3,8,3,1
p10_balanced.c,y,3,2,2,3,8,3,1
p10_balanced.c,z,3,2,2,2,6,3,1
p10_balanced.c,ret,0,0,0,0,0,4,1
p10_balanced.c,u,3,1,1,2,3,4,1
p10_balanced.c,v,1,1,1,1,2,4,1
p10_balanced.c,x,4,2,2,3,8,4,1
p10_balanced.c,y,3,2,2,3,8,4,1
p10_balanced.c,z,3,2,2,2,6,4,1
p10_balanced.c,ret,0,0,0,0,0,5,1
p10_balanced.c,u,3,1,1,2,3,5,1
p10_balanced.c,v,1,1,1,1,2,5,1
p10_balanced.c,x,4,2,2,3,8,5,1
p10_balanced.c,y,3,2,2,3,8,5,1
p10_balanced.c,z,3,2,2,2,6,5,1
p11_heavy_end.c,ret,0,0,0,0,0,1,1
p11_heavy_end.c,u,5,1,1,3,4,1,0
p11_heavy_end.c,v,5,1,1,2,3,1,0
p11_heavy_end.c,w,5,1,1,1,2,1,0
p11_heavy_end.c,x,7,3,3,6,21,1,1
p11_heavy_end.c,y,6,3,3,5,18,1,0
p11_heavy_end.c,z,5,3,3,4,15,1,0
p11_heavy_end.c,ret,0,0,0,0,0,2,1
p11_heavy_end.c,u,5,1,1,3,4,2,0
p11_heavy_end.c,v,5,1,1,2,3,2,0
p11_heavy_end.c,w,5,1,1,1,2,2,0
p11_heavy_end.c,x,7,3,3,6,21,2,1
p11_heavy_end.c,y,6,3,3,5,18,2,1
p11_heavy_end.c,z,5,3,3,4,15,2,0
p11_heavy_end.c,ret,0,0,0,0,0,3,1
p11_heavy_end.c,u,5,1,1,3,4,3,0
p11_heavy_end.c,v,5,1,1,2,3,3,0
p11_heavy_end.c,w,5,1,1,1,2,3,0
p11_heavy_end.c,x,7,3,3,6,21,3,1
p11_heavy_end.c,y,6,3,3,5,18,3,1
p11_heavy_end.c,z,5,3,3,4,15,3,1
p11_heavy_end.c,ret,0,0,0,0,0,4,1
p11_heavy_end.c,u,5,1,1,3,4,4,1
p11_heavy_end.c,v,5,1,1,2,3,4,0
p11_heavy_end.c,w,5,1,1,1,2,4,0
p11_heavy_end.c,x,7,3,3,6,21,4,1
p11_heavy_end.c,y,6,3,3,5,18,4,1
p11_heavy_end.c,z,5,3,3,4,15,4,1
p11_heavy_end.c,ret,0,0,0,0,0,5,1
p11_heavy_end.c,u,5,1,1,3,4,5,1
p11_heavy_end.c,v,5,1,1,2,3,5,1
p11_heavy_end.c,w,5,1,1,1,2,5,0
p11_heavy_end.c,x,7,3,3,6,21,5,1
p11_heavy_end.c,y,6,3,3,5,18,5,1
p11_heavy_end.c,z,5,3,3,4,15,5,1
p12_fanin.c,ret,0,0,0,0,0,1,1
p12_fanin.c,sum,0,1,1,1,2,1,1
p12_fanin.c,x0,8,1,1,5,6,1,1
p12_fanin.c,x1,7,1,1,4,5,1,0
p12_fanin.c,x2,6,1,1,3,4,1,0
p12_fanin.c,x3,5,1,1,2,3,1,0
p12_fanin.c,x4,4,1,1,1,2,1,0
p12_fanin.c,ret,0,0,0,0,0,2,1
p12_fanin.c,sum,0,1,1,1,2,2,1
p12_fanin.c,x0,8,1,1,5,6,2,1
p12_fanin.c,x1,7,1,1,4,5,2,1
p12_fanin.c,x2,6,1,1,3,4,2,0
p12_fanin.c,x3,5,1,1,2,3,2,0
p12_fanin.c,x4,4,1,1,1,2,2,0
p12_fanin.c,ret,0,0,0,0,0,3,1
p12_fanin.c,sum,0,1,1,1,2,3,1
p12_fanin.c,x0,8,1,1,5,6,3,1
p12_fanin.c,x1,7,1,1,4,5,3,1
p12_fanin.c,x2,6,1,1,3,4,3,1
p12_fanin.c,x3,5,1,1,2,3,3,0
p12_fanin.c,x4,4,1,1,1,2,3,0
p12_fanin.c,ret,0,0,0,0,0,4,1
p12_fanin.c,sum,0,1,1,1,2,4,1
p12_fanin.c,x0,8,1,1,5,6,4,1
p12_fanin.c,x1,7,1,1,4,5,4,1
p12_fanin.c,x2,6,1,1,3,4,4,1
p12_fanin.c,x3,5,1,1,2,3,4,1
p12_fanin.c,x4,4,1,1,1,2,4,0
p12_fanin.c,ret,0,0,0,0,0,5,1
p12_fanin.c,sum,0,1,1,1,2,5,1
p12_fanin.c,x0,8,1,1,5,6,5,1
p12_fanin.c,x1,7,1,1,4,5,5,1
p12_fanin.c,x2,6,1,1,3,4,5,1
p12_fanin.c,x3,5,1,1,2,3,5,1
p12_fanin.c,x4,4,1,1,1,2,5,1
p13_two_chains_join.c,p0,1,1,1,1,2,1,1
p13_two_chains_join.c,p1,6,2,2,6,14,1,1
p13_two_chains_join.c,p2,5,1,1,4,5,1,0
p13_two_chains_join.c,q0,2,1,1,1,2,1,0
p13_two_chains_join.c,q1,4,2,2,3,8,1,0
p13_two_chains_join.c,q2,3,1,1,1,2,1,0
p13_two_chains_join.c,r,2,1,1,1,2,1,0
p13_two_chains_join.c,ret,0,0,0,0,0,1,1
p13_two_chains_join.c,p0,1,1,1,1,2,2,1
p13_two_chains_join.c,p1,6,2,2,6,14,2,1
p13_two_chains_join.c,p2,5,1,1,4,5,2,1
p13_two_chains_join.c,q0,2,1,1,1,2,2,0
p13_two_chains_join.c,q1,4,2,2,3,8,2,0
p13_two_chains_join.c,q2,3,1,1,1,2,2,0
p13_two_chains_join.c,r,2,1,1,1,2,2,1
p13_two_chains_join.c,ret,0,0,0,0,0,2,1
p13_two_chains_join.c,p0,1,1,1,1,2,3,1
p13_two_chains_join.c,p1,6,2,2,6,14,3,1
p13_two_chains_join.c,p2,5,1,1,4,5,3,1
p13_two_chains_join.c,q0,2,1,1,1,2,3,1
p13_two_chains_join.c,q1,4,2,2,3,8,3,1
p13_two_chains_join.c,q2,3,1,1,1,2,3,0
p13_two_chains_join.c,r,2,1,1,1,2,3,1
p13_two_chains_join.c,ret,0,0,0,0,0,3,1
p13_two_chains_join.c,p0,1,1,1,1,2,4,1
p13_two_chains_join.c,p1,6,2,2,6,14,4,1
p13_two_chains_join.c,p2,5,1,1,4,5,4,1
p13_two_chains_join.c,q0,2,1,1,1,2,4,1
p13_two_chains_join.c,q1,4,2,2,3,8,4,1
p13_two_chains_join.c,q2,3,1,1,1,2,4,1
p13_two_chains_join.c,r,2,1,1,1,2,4,1
p13_two_chains_join.c,ret,0,0,0,0,0,4,1
p13_two_chains_join.c,p0,1,1,1,1,2,5,1
p13_two_chains_join.c,p1,6,2,2,6,14,5,1
p13_two_chains_join.c,p2,5,1,1,4,5,5,1
p13_two_chains_join.c,q0,2,1,1,1,2,5,1
p13_two_chains_join.c,q1,4,2,2,3,8,5,1
p13_two_chains_join.c,q2,3,1,1,1,2,5,1
p13_two_chains_join.c,r,2,1,1,1,2,5,1
p13_two_chains_join.c,ret,0,0,0,0,0,5,1
p14_cross_reuse.c,ret,0,0,0,0,0,1,1
p14_cross_reuse.c,u,4,1,1,2,3,1,0
p14_cross_reuse.c,v,3,1,1,1,2,1,0
p14_cross_reuse.c,w,2,1,1,1,2,1,0
p14_cross_reuse.c,x,7,2,2,6,14,1,1
p14_cross_reuse.c,y,4,2,2,3,8,1,0
p14_cross_reuse.c,z,5,2,2,4,10,1,0
p14_cross_reuse.c,ret,0,0,0,0,0,2,1
p14_cross_reuse.c,u,4,1,1,2,3,2,0
p14_cross_reuse.c,v,3,1,1,1,2,2,0
p14_cross_reuse.c,w,2,1,1,1,2,2,0
p14_cross_reuse.c,x,7,2,2,6,14,2,1
p14_cross_reuse.c,y,4,2,2,3,8,2,0
p14_cross_reuse.c,z,5,2,2,4,10,2,1
p14_cross_reuse.c,ret,0,0,0,0,0,3,1
p14_cross_reuse.c,u,4,1,1,2,3,3,0
p14_cross_reuse.c,v,3,1,1,1,2,3,1
p14_cross_reuse.c,w,2,1,1,1,2,3,1
p14_cross_reuse.c,x,7,2,2,6,14,3,1
p14_cross_reuse.c,y,4,2,2,3,8,3,1
p14_cross_reuse.c,z,5,2,2,4,10,3,1
p14_cross_reuse.c,ret,0,0,0,0,0,4,1
p14_cross_reuse.c,u,4,1,1,2,3,4,1
p14_cross_reuse.c,v,3,1,1,1,2,4,1
p14_cross_reuse.c,w,2,1,1,1,2,4,1
p14_cross_reuse.c,x,7,2,2,6,14,4,1
p14_cross_reuse.c,y,4,2,2,3,8,4,1
p14_cross_reuse.c,z,5,2,2,4,10,4,1
p14_cross_reuse.c,ret,0,0,0,0,0,5,1
p14_cross_reuse.c,u,4,1,1,2,3,5,1
p14_cross_reuse.c,v,3,1,1,1,2,5,1
p14_cross_reuse.c,w,2,1,1,1,2,5,1
p14_cross_reuse.c,x,7,2,2,6,14,5,1
p14_cross_reuse.c,y,4,2,2,3,8,5,1
p14_cross_reuse.c,z,5,2,2,4,10,5,1
p15_mid_pressure.c,ret,0,0,0,0,0,1,1
p15_mid_pressure.c,v0,6,2,2,5,12,1,1
p15_mid_pressure.c,v1,4,2,2,3,8,1,0
p15_mid_pressure.c,v2,4,2,2,3,8,1,0
p15_mid_pressure.c,v3,4,1,1,2,3,1,0
p15_mid_pressure.c,v4,3,1,1,1,2,1,0
p15_mid_pressure.c,ret,0,0,0,0,0,2,1
p15_mid_pressure.c,v0,6,2,2,5,12,2,1
p15_mid_pressure.c,v1,4,2,2,3,8,2,1
p15_mid_pressure.c,v2,4,2,2,3,8,2,0
p15_mid_pressure.c,v3,4,1,1,2,3,2,0
p15_mid_pressure.c,v4,3,1,1,1,2,2,1
p15_mid_pressure.c,ret,0,0,0,0,0,3,1
p15_mid_pressure.c,v0,6,2,2,5,12,3,1
p15_mid_pressure.c,v1,4,2,2,3,8,3,1
p15_mid_pressure.c,v2,4,2,2,3,8,3,1
p15_mid_pressure.c,v3,4,1,1,2,3,3,0
p15_mid_pressure.c,v4,3,1,1,1,2,3,1
p15_mid_pressure.c,ret,0,0,0,0,0,4,1
p15_mid_pressure.c,v0,6,2,2,5,12,4,1
p15_mid_pressure.c,v1,4,2,2,3,8,4,1
p15_mid_pressure.c,v2,4,2,2,3,8,4,1
p15_mid_pressure.c,v3,4,1,1,2,3,4,1
p15_mid_pressure.c,v4,3,1,1,1,2,4,1
p15_mid_pressure.c,ret,0,0,0,0,0,5,1
p15_mid_pressure.c,v0,6,2,2,5,12,5,1
p15_mid_pressure.c,v1,4,2,2,3,8,5,1
p15_mid_pressure.c,v2,4,2,2,3,8,5,1
p15_mid_pressure.c,v3,4,1,1,2,3,5,1
p15_mid_pressure.c,v4,3,1,1,1,2,5,1
p16_wide_live.c,ret,0,0,0,0,0,1,1
p16_wide_live.c,x0,8,2,2,6,14,1,1
p16_wide_live.c,x1,7,2,2,5,12,1,0
p16_wide_live.c,x2,6,2,2,4,10,1,0
p16_wide_live.c,x3,5,2,2,3,8,1,0
p16_wide_live.c,y0,5,1,1,2,3,1,0
p16_wide_live.c,y1,5,1,1,1,2,1,0
p16_wide_live.c,z,0,1,1,1,2,1,1
p16_wide_live.c,ret,0,0,0,0,0,2,1
p16_wide_live.c,x0,8,2,2,6,14,2,1
p16_wide_live.c,x1,7,2,2,5,12,2,1
p16_wide_live.c,x2,6,2,2,4,10,2,0
p16_wide_live.c,x3,5,2,2,3,8,2,0
p16_wide_live.c,y0,5,1,1,2,3,2,0
p16_wide_live.c,y1,5,1,1,1,2,2,0
p16_wide_live.c,z,0,1,1,1,2,2,1
p16_wide_live.c,ret,0,0,0,0,0,3,1
p16_wide_live.c,x0,8,2,2,6,14,3,1
p16_wide_live.c,x1,7,2,2,5,12,3,1
p16_wide_live.c,x2,6,2,2,4,10,3,1
p16_wide_live.c,x3,5,2,2,3,8,3,0
p16_wide_live.c,y0,5,1,1,2,3,3,0
p16_wide_live.c,y1,5,1,1,1,2,3,0
p16_wide_live.c,z,0,1,1,1,2,3,1
p16_wide_live.c,ret,0,0,0,0,0,4,1
p16_wide_live.c,x0,8,2,2,6,14,4,1
p16_wide_live.c,x1,7,2,2,5,12,4,1
p16_wide_live.c,x2,6,2,2,4,10,4,1
p16_wide_live.c,x3,5,2,2,3,8,4,1
p16_wide_live.c,y0,5,1,1,2,3,4,0
p16_wide_live.c,y1,5,1,1,1,2,4,0
p16_wide_live.c,z,0,1,1,1,2,4,1
p16_wide_live.c,ret,0,0,0,0,0,5,1
p16_wide_live.c,x0,8,2,2,6,14,5,1
p16_wide_live.c,x1,7,2,2,5,12,5,1
p16_wide_live.c,x2,6,2,2,4,10,5,1
p16_wide_live.c,x3,5,2,2,3,8,5,1
p16_wide_live.c,y0,5,1,1,2,3,5,1
p16_wide_live.c,y1,5,1,1,1,2,5,0
p16_wide_live.c,z,0,1,1,1,2,5,1
p17_alt_chain.c,ret,0,0,0,0,0,1,1
p17_alt_chain.c,x0,1,2,2,2,6,1,0
p17_alt_chain.c,x1,4,2,2,4,10,1,1
p17_alt_chain.c,x2,2,2,2,2,6,1,0
p17_alt_chain.c,x3,2,1,1,1,2,1,0
p17_alt_chain.c,x4,1,1,1,1,2,1,0
p17_alt_chain.c,ret,0,0,0,0,0,2,1
p17_alt_chain.c,x0,1,2,2,2,6,2,1
p17_alt_chain.c,x1,4,2,2,4,10,2,1
p17_alt_chain.c,x2,2,2,2,2,6,2,1
p17_alt_chain.c,x3,2,1,1,1,2,2,0
p17_alt_chain.c,x4,1,1,1,1,2,2,1
p17_alt_chain.c,ret,0,0,0,0,0,3,1
p17_alt_chain.c,x0,1,2,2,2,6,3,1
p17_alt_chain.c,x1,4,2,2,4,10,3,1
p17_alt_chain.c,x2,2,2,2,2,6,3,1
p17_alt_chain.c,x3,2,1,1,1,2,3,1
p17_alt_chain.c,x4,1,1,1,1,2,3,1
p17_alt_chain.c,ret,0,0,0,0,0,4,1
p17_alt_chain.c,x0,1,2,2,2,6,4,1
p17_alt_chain.c,x1,4,2,2,4,10,4,1
p17_alt_chain.c,x2,2,2,2,2,6,4,1
p17_alt_chain.c,x3,2,1,1,1,2,4,1
p17_alt_chain.c,x4,1,1,1,1,2,4,1
p17_alt_chain.c,ret,0,0,0,0,0,5,1
p17_alt_chain.c,x0,1,2,2,2,6,5,1
p17_alt_chain.c,x1,4,2,2,4,10,5,1
p17_alt_chain.c,x2,2,2,2,2,6,5,1
p17_alt_chain.c,x3,2,1,1,1,2,5,1
p17_alt_chain.c,x4,1,1,1,1,2,5,1
p18_cheap_spill.c,cheap,3,1,1,2,3,1,0
p18_cheap_spill.c,ret,0,0,0,0,0,1,1
p18_cheap_spill.c,t0,2,1,1,2,3,1,0
p18_cheap_spill.c,t1,1,1,1,1,2,1,1
p18_cheap_spill.c,x,4,1,1,3,4,1,0
p18_cheap_spill.c,y,3,1,1,2,3,1,0
p18_cheap_spill.c,z,4,2,2,3,8,1,1
p18_cheap_spill.c,cheap,3,1,1,2,3,2,1
p18_cheap_spill.c,ret,0,0,0,0,0,2,1
p18_cheap_spill.c,t0,2,1,1,2,3,2,0
p18_cheap_spill.c,t1,1,1,1,1,2,2,1
p18_cheap_spill.c,x,4,1,1,3,4,2,1
p18_cheap_spill.c,y,3,1,1,2,3,2,0
p18_cheap_spill.c,z,4,2,2,3,8,2,1
p18_cheap_spill.c,cheap,3,1,1,2,3,3,1
p18_cheap_spill.c,ret,0,0,0,0,0,3,1
p18_cheap_spill.c,t0,2,1,1,2,3,3,1
p18_cheap_spill.c,t1,1,1,1,1,2,3,1
p18_cheap_spill.c,x,4,1,1,3,4,3,1
p18_cheap_spill.c,y,3,1,1,2,3,3,1
p18_cheap_spill.c,z,4,2,2,3,8,3,1
p18_cheap_spill.c,cheap,3,1,1,2,3,4,1
p18_cheap_spill.c,ret,0,0,0,0,0,4,1
p18_cheap_spill.c,t0,2,1,1,2,3,4,1
p18_cheap_spill.c,t1,1,1,1,1,2,4,1
p18_cheap_spill.c,x,4,1,1,3,4,4,1
p18_cheap_spill.c,y,3,1,1,2,3,4,1
p18_cheap_spill.c,z,4,2,2,3,8,4,1
p18_cheap_spill.c,cheap,3,1,1,2,3,5,1
p18_cheap_spill.c,ret,0,0,0,0,0,5,1
p18_cheap_spill.c,t0,2,1,1,2,3,5,1
p18_cheap_spill.c,t1,1,1,1,1,2,5,1
p18_cheap_spill.c,x,4,1,1,3,4,5,1
p18_cheap_spill.c,y,3,1,1,2,3,5,1
p18_cheap_spill.c,z,4,2,2,3,8,5,1
p19_pressure10.c,ret,0,0,0,0,0,1,1
p19_pressure10.c,sum,0,1,1,1,2,1,1
p19_pressure10.c,v0,12,2,2,9,20,1,1
p19_pressure10.c,v1,11,2,2,8,18,1,0
p19_pressure10.c,v2,10,2,2,7,16,1,0
p19_pressure10.c,v3,9,2,2,6,14,1,0
p19_pressure10.c,v4,8,2,2,5,12,1,0
p19_pressure10.c,v5,8,2,2,4,10,1,0
p19_pressure10.c,v6,8,2,2,3,8,1,0
p19_pressure10.c,v7,8,2,2,2,6,1,0
p19_pressure10.c,v8,8,1,1,1,2,1,0
p19_pressure10.c,ret,0,0,0,0,0,2,1
p19_pressure10.c,sum,0,1,1,1,2,2,1
p19_pressure10.c,v0,12,2,2,9,20,2,1
p19_pressure10.c,v1,11,2,2,8,18,2,1
p19_pressure10.c,v2,10,2,2,7,16,2,0
p19_pressure10.c,v3,9,2,2,6,14,2,0
p19_pressure10.c,v4,8,2,2,5,12,2,0
p19_pressure10.c,v5,8,2,2,4,10,2,0
p19_pressure10.c,v6,8,2,2,3,8,2,0
p19_pressure10.c,v7,8,2,2,2,6,2,0
p19_pressure10.c,v8,8,1,1,1,2,2,0
p19_pressure10.c,ret,0,0,0,0,0,3,1
p19_pressure10.c,sum,0,1,1,1,2,3,1
p19_pressure10.c,v0,12,2,2,9,20,3,1
p19_pressure10.c,v1,11,2,2,8,18,3,1
p19_pressure10.c,v2,10,2,2,7,16,3,1
p19_pressure10.c,v3,9,2,2,6,14,3,0
p19_pressure10.c,v4,8,2,2,5,12,3,0
p19_pressure10.c,v5,8,2,2,4,10,3,0
p19_pressure10.c,v6,8,2,2,3,8,3,0
p19_pressure10.c,v7,8,2,2,2,6,3,0
p19_pressure10.c,v8,8,1,1,1,2,3,0
p19_pressure10.c,ret,0,0,0,0,0,4,1
p19_pressure10.c,sum,0,1,1,1,2,4,1
p19_pressure10.c,v0,12,2,2,9,20,4,1
p19_pressure10.c,v1,11,2,2,8,18,4,1
p19_pressure10.c,v2,10,2,2,7,16,4,1
p19_pressure10.c,v3,9,2,2,6,14,4,1
p19_pressure10.c,v4,8,2,2,5,12,4,0
p19_pressure10.c,v5,8,2,2,4,10,4,0
p19_pressure10.c,v6,8,2,2,3,8,4,0
p19_pressure10.c,v7,8,2,2,2,6,4,0
p19_pressure10.c,v8,8,1,1,1,2,4,0
p19_pressure10.c,ret,0,0,0,0,0,5,1
p19_pressure10.c,sum,0,1,1,1,2,5,1
p19_pressure10.c,v0,12,2,2,9,20,5,1
p19_pressure10.c,v1,11,2,2,8,18,5,1
p19_pressure10.c,v2,10,2,2,7,16,5,1
p19_pressure10.c,v3,9,2,2,6,14,5,1
p19_pressure10.c,v4,8,2,2,5,12,5,1
p19_pressure10.c,v5,8,2,2,4,10,5,0
p19_pressure10.c,v6,8,2,2,3,8,5,0
p19_pressure10.c,v7,8,2,2,2,6,5,0
p19_pressure10.c,v8,8,1,1,1,2,5,0
p20_mul_chain.c,ret,0,0,0,0,0,1,1
p20_mul_chain.c,x0,0,1,1,1,2,1,1
p20_mul_chain.c,x1,2,2,2,3,8,1,1
p20_mul_chain.c,x2,1,1,1,1,2,1,0
p20_mul_chain.c,x3,1,1,1,1,2,1,0
p20_mul_chain.c,ret,0,0,0,0,0,2,1
p20_mul_chain.c,x0,0,1,1,1,2,2,1
p20_mul_chain.c,x1,2,2,2,3,8,2,1
p20_mul_chain.c,x2,1,1,1,1,2,2,1
p20_mul_chain.c,x3,1,1,1,1,2,2,1
p20_mul_chain.c,ret,0,0,0,0,0,3,1
p20_mul_chain.c,x0,0,1,1,1,2,3,1
p20_mul_chain.c,x1,2,2,2,3,8,3,1
p20_mul_chain.c,x2,1,1,1,1,2,3,1
p20_mul_chain.c,x3,1,1,1,1,2,3,1
p20_mul_chain.c,ret,0,0,0,0,0,4,1
p20_mul_chain.c,x0,0,1,1,1,2,4,1
p20_mul_chain.c,x1,2,2,2,3,8,4,1
p20_mul_chain.c,x2,1,1,1,1,2,4,1
p20_mul_chain.c,x3,1,1,1,1,2,4,1
p20_mul_chain.c,ret,0,0,0,0,0,5,1
p20_mul_chain.c,x0,0,1,1,1,2,5,1
p20_mul_chain.c,x1,2,2,2,3,8,5,1
p20_mul_chain.c,x2,1,1,1,1,2,5,1
p20_mul_chain.c,x3,1,1,1,1,2,5,1
p21_div_mix.c,ret,0,0,0,0,0,1,1
p21_div_mix.c,w,0,1,1,1,2,1,1
p21_div_mix.c,x,3,2,2,3,8,1,1
p21_div_mix.c,y,1,1,1,1,2,1,0
p21_div_mix.c,z,1,1,1,1,2,1,0
p21_div_mix.c,ret,0,0,0,0,0,2,1
p21_div_mix.c,w,0,1,1,1,2,2,1
p21_div_mix.c,x,3,2,2,3,8,2,1
p21_div_mix.c,y,1,1,1,1,2,2,1
p21_div_mix.c,z,1,1,1,1,2,2,1
p21_div_mix.c,ret,0,0,0,0,0,3,1
p21_div_mix.c,w,0,1,1,1,2,3,1
p21_div_mix.c,x,3,2,2,3,8,3,1
p21_div_mix.c,y,1,1,1,1,2,3,1
p21_div_mix.c,z,1,1,1,1,2,3,1
p21_div_mix.c,ret,0,0,0,0,0,4,1
p21_div_mix.c,w,0,1,1,1,2,4,1
p21_div_mix.c,x,3,2,2,3,8,4,1
p21_div_mix.c,y,1,1,1,1,2,4,1
p21_div_mix.c,z,1,1,1,1,2,4,1
p21_div_mix.c,ret,0,0,0,0,0,5,1
p21_div_mix.c,w,0,1,1,1,2,5,1
p21_div_mix.c,x,3,2,2,3,8,5,1
p21_div_mix.c,y,1,1,1,1,2,5,1
p21_div_mix.c,z,1,1,1,1,2,5,1
p22_overlap.c,ret,0,0,0,0,0,1,1
p22_overlap.c,x0,2,1,1,1,2,1,1
p22_overlap.c,x1,4,2,2,3,8,1,0
p22_overlap.c,x2,6,1,1,4,5,1,1
p22_overlap.c,y0,3,1,1,1,2,1,0
p22_overlap.c,y1,2,1,1,1,2,1,0
p22_overlap.c,z0,1,1,1,1,2,1,0
p22_overlap.c,ret,0,0,0,0,0,2,1
p22_overlap.c,x0,2,1,1,1,2,2,1
p22_overlap.c,x1,4,2,2,3,8,2,1
p22_overlap.c,x2,6,1,1,4,5,2,1
p22_overlap.c,y0,3,1,1,1,2,2,0
p22_overlap.c,y1,2,1,1,1,2,2,1
p22_overlap.c,z0,1,1,1,1,2,2,1
p22_overlap.c,ret,0,0,0,0,0,3,1
p22_overlap.c,x0,2,1,1,1,2,3,1
p22_overlap.c,x1,4,2,2,3,8,3,1
p22_overlap.c,x2,6,1,1,4,5,3,1
p22_overlap.c,y0,3,1,1,1,2,3,1
p22_overlap.c,y1,2,1,1,1,2,3,1
p22_overlap.c,z0,1,1,1,1,2,3,1
p22_overlap.c,ret,0,0,0,0,0,4,1
p22_overlap.c,x0,2,1,1,1,2,4,1
p22_overlap.c,x1,4,2,2,3,8,4,1
p22_overlap.c,x2,6,1,1,4,5,4,1
p22_overlap.c,y0,3,1,1,1,2,4,1
p22_overlap.c,y1,2,1,1,1,2,4,1
p22_overlap.c,z0,1,1,1,1,2,4,1
p22_overlap.c,ret,0,0,0,0,0,5,1
p22_overlap.c,x0,2,1,1,1,2,5,1
p22_overlap.c,x1,4,2,2,3,8,5,1
p22_overlap.c,x2,6,1,1,4,5,5,1
p22_overlap.c,y0,3,1,1,1,2,5,1
p22_overlap.c,y1,2,1,1,1,2,5,1
p22_overlap.c,z0,1,1,1,1,2,5,1
p23_deep_pressure.c,ret,0,0,0,0,0,1,1
p23_deep_pressure.c,sum,0,1,1,1,2,1,1
p23_deep_pressure.c,v0,9,3,3,8,27,1,1
p23_deep_pressure.c,v1,8,3,3,7,24,1,0
p23_deep_pressure.c,v2,7,3,3,6,21,1,0
p23_deep_pressure.c,v3,7,2,2,5,12,1,0
p23_deep_pressure.c,v4,7,2,2,4,10,1,0
p23_deep_pressure.c,v5,7,2,2,3,8,1,0
p23_deep_pressure.c,v6,7,2,2,2,6,1,0
p23_deep_pressure.c,v7,7,1,1,1,2,1,0
p23_deep_pressure.c,ret,0,0,0,0,0,2,1
p23_deep_pressure.c,sum,0,1,1,1,2,2,1
p23_deep_pressure.c,v0,9,3,3,8,27,2,1
p23_deep_pressure.c,v1,8,3,3,7,24,2,1
p23_deep_pressure.c,v2,7,3,3,6,21,2,0
p23_deep_pressure.c,v3,7,2,2,5,12,2,0
p23_deep_pressure.c,v4,7,2,2,4,10,2,0
p23_deep_pressure.c,v5,7,2,2,3,8,2,0
p23_deep_pressure.c,v6,7,2,2,2,6,2,0
p23_deep_pressure.c,v7,7,1,1,1,2,2,0
p23_deep_pressure.c,ret,0,0,0,0,0,3,1
p23_deep_pressure.c,sum,0,1,1,1,2,3,1
p23_deep_pressure.c,v0,9,3,3,8,27,3,1
p23_deep_pressure.c,v1,8,3,3,7,24,3,1
p23_deep_pressure.c,v2,7,3,3,6,21,3,1
p23_deep_pressure.c,v3,7,2,2,5,12,3,0
p23_deep_pressure.c,v4,7,2,2,4,10,3,0
p23_deep_pressure.c,v5,7,2,2,3,8,3,0
p23_deep_pressure.c,v6,7,2,2,2,6,3,0
p23_deep_pressure.c,v7,7,1,1,1,2,3,0
p23_deep_pressure.c,ret,0,0,0,0,0,4,1
p23_deep_pressure.c,sum,0,1,1,1,2,4,1
p23_deep_pressure.c,v0,9,3,3,8,27,4,1
p23_deep_pressure.c,v1,8,3,3,7,24,4,1
p23_deep_pressure.c,v2,7,3,3,6,21,4,1
p23_deep_pressure.c,v3,7,2,2,5,12,4,1
p23_deep_pressure.c,v4,7,2,2,4,10,4,0
p23_deep_pressure.c,v5,7,2,2,3,8,4,0
p23_deep_pressure.c,v6,7,2,2,2,6,4,0
p23_deep_pressure.c,v7,7,1,1,1,2,4,0
p23_deep_pressure.c,ret,0,0,0,0,0,5,1
p23_deep_pressure.c,sum,0,1,1,1,2,5,1
p23_deep_pressure.c,v0,9,3,3,8,27,5,1
p23_deep_pressure.c,v1,8,3,3,7,24,5,1
p23_deep_pressure.c,v2,7,3,3,6,21,5,1
p23_deep_pressure.c,v3,7,2,2,5,12,5,1
p23_deep_pressure.c,v4,7,2,2,4,10,5,1
p23_deep_pressure.c,v5,7,2,2,3,8,5,0
p23_deep_pressure.c,v6,7,2,2,2,6,5,0
p23_deep_pressure.c,v7,7,1,1,1,2,5,0
p24_two_stage_sum.c,ret,0,0,0,0,0,1,1
p24_two_stage_sum.c,s0,2,1,1,1,2,1,0
p24_two_stage_sum.c,s1,0,1,1,1,2,1,1
p24_two_stage_sum.c,x0,7,2,2,5,12,1,1
p24_two_stage_sum.c,x1,5,1,1,3,4,1,0
p24_two_stage_sum.c,x2,4,1,1,2,3,1,0
p24_two_stage_sum.c,x3,4,2,2,2,6,1,0
p24_two_stage_sum.c,ret,0,0,0,0,0,2,1
p24_two_stage_sum.c,s0,2,1,1,1,2,2,1
p24_two_stage_sum.c,s1,0,1,1,1,2,2,1
p24_two_stage_sum.c,x0,7,2,2,5,12,2,1
p24_two_stage_sum.c,x1,5,1,1,3,4,2,1
p24_two_stage_sum.c,x2,4,1,1,2,3,2,0
p24_two_stage_sum.c,x3,4,2,2,2,6,2,0
p24_two_stage_sum.c,ret,0,0,0,0,0,3,1
p24_two_stage_sum.c,s0,2,1,1,1,2,3,1
p24_two_stage_sum.c,s1,0,1,1,1,2,3,1
p24_two_stage_sum.c,x0,7,2,2,5,12,3,1
p24_two_stage_sum.c,x1,5,1,1,3,4,3,1
p24_two_stage_sum.c,x2,4,1,1,2,3,3,0
p24_two_stage_sum.c,x3,4,2,2,2,6,3,1
p24_two_stage_sum.c,ret,0,0,0,0,0,4,1
p24_two_stage_sum.c,s0,2,1,1,1,2,4,1
p24_two_stage_sum.c,s1,0,1,1,1,2,4,1
p24_two_stage_sum.c,x0,7,2,2,5,12,4,1
p24_two_stage_sum.c,x1,5,1,1,3,4,4,1
p24_two_stage_sum.c,x2,4,1,1,2,3,4,1
p24_two_stage_sum.c,x3,4,2,2,2,6,4,1
p24_two_stage_sum.c,ret,0,0,0,0,0,5,1
p24_two_stage_sum.c,s0,2,1,1,1,2,5,1
p24_two_stage_sum.c,s1,0,1,1,1,2,5,1
p24_two_stage_sum.c,x0,7,2,2,5,12,5,1
p24_two_stage_sum.c,x1,5,1,1,3,4,5,1
p24_two_stage_sum.c,x2,4,1,1,2,3,5,1
p24_two_stage_sum.c,x3,4,2,2,2,6,5,1
p25_heavy_return.c,ret,0,0,0,0,0,1,1
p25_heavy_return.c,x0,9,2,2,7,16,1,1
p25_heavy_return.c,x1,8,2,2,6,14,1,0
p25_heavy_return.c,x2,7,2,2,5,12,1,0
p25_heavy_return.c,x3,6,2,2,4,10,1,0
p25_heavy_return.c,y0,6,2,2,3,8,1,0
p25_heavy_return.c,y1,6,2,2,2,6,1,0
p25_heavy_return.c,z0,6,1,1,1,2,1,0
p25_heavy_return.c,ret,0,0,0,0,0,2,1
p25_heavy_return.c,x0,9,2,2,7,16,2,1
p25_heavy_return.c,x1,8,2,2,6,14,2,1
p25_heavy_return.c,x2,7,2,2,5,12,2,0
p25_heavy_return.c,x3,6,2,2,4,10,2,0
p25_heavy_return.c,y0,6,2,2,3,8,2,0
p25_heavy_return.c,y1,6,2,2,2,6,2,0
p25_heavy_return.c,z0,6,1,1,1,2,2,0
p25_heavy_return.c,ret,0,0,0,0,0,3,1
p25_heavy_return.c,x0,9,2,2,7,16,3,1
p25_heavy_return.c,x1,8,2,2,6,14,3,1
p25_heavy_return.c,x2,7,2,2,5,12,3,1
p25_heavy_return.c,x3,6,2,2,4,10,3,0
p25_heavy_return.c,y0,6,2,2,3,8,3,0
p25_heavy_return.c,y1,6,2,2,2,6,3,0
p25_heavy_return.c,z0,6,1,1,1,2,3,0
p25_heavy_return.c,ret,0,0,0,0,0,4,1
p25_heavy_return.c,x0,9,2,2,7,16,4,1
p25_heavy_return.c,x1,8,2,2,6,14,4,1
p25_heavy_return.c,x2,7,2,2,5,12,4,1
p25_heavy_return.c,x3,6,2,2,4,10,4,1
p25_heavy_return.c,y0,6,2,2,3,8,4,0
p25_heavy_return.c,y1,6,2,2,2,6,4,0
p25_heavy_return.c,z0,6,1,1,1,2,4,0
p25_heavy_return.c,ret,0,0,0,0,0,5,1
p25_heavy_return.c,x0,9,2,2,7,16,5,1
p25_heavy_return.c,x1,8,2,2,6,14,5,1
p25_heavy_return.c,x2,7,2,2,5,12,5,1
p25_heavy_return.c,x3,6,2,2,4,10,5,1
p25_heavy_return.c,y0,6,2,2,3,8,5,1
p25_heavy_return.c,y1,6,2,2,2,6,5,0
p25_heavy_return.c,z0,6,1,1,1,2,5,0
